Attention,Meditation,Familiarity,MentalEffort,Appreciation,SignalQuality,EventTagging,Delta,Theta,Alpha,Beta,Gamma
30,61,14.089371,0.880674,1,1,-1.00,1.319898,3.303531,2.179259,1.167215,0.109204
16,67,17.885041,0.344428,1,1,-1.00,2.679332,2.892327,2.264061,1.438726,0.117686
41,88,2.808908,-1.261146,1,1,-1.00,2.887044,8.455106,8.576,4.407622,1.40322
38,80,6.250109,1.333252,1,1,-1.00,14.042192,14.80913,6.596989,6.587511,1.282901
21,74,6.687963,1.289921,2,1,-1.00,13.134768,12.912332,7.317537,8.021535,0.989019
27,77,2.731921,0.707676,4,1,-1.00,5.93147,6.209678,4.704415,3.456443,0.484505
20,74,5.798418,-4.522141,4,1,-1.00,16.359683,26.551951,21.346604,8.698971,1.290961
24,75,-12.465059,1.124905,4,1,-1.00,6.072794,6.6299,5.859519,1.95745,0.332554
38,80,5.900887,1.844491,3,1,-1.00,5.684517,6.822888,4.357123,7.229984,1.505753
21,77,3.118239,2.141987,4,1,-1.00,4.291588,12.554929,9.49031,2.236464,0.355115
27,74,-13.72699,-2.367585,4,1,-1.00,10.909088,16.247116,8.710457,3.10272,0.830621
43,67,0.91659,2.186144,4,1,-1.00,8.34062,6.196665,3.197925,0.978046,0.256607
50,61,-3.975732,1.31677,4,1,-1.00,8.230383,5.896387,3.116966,2.091748,0.300438
77,50,-9.727743,-2.174594,4,1,-1.00,1.88424,3.787907,2.539403,0.843893,0.068654
88,48,-2.854229,2.414882,3,1,-1.00,2.707803,3.80559,3.532926,1.401465,0.098525
88,47,1.571667,-0.908577,4,1,-1.00,7.994257,10.614732,3.559428,2.261307,0.405399
84,54,1.176724,2.619706,4,1,-1.00,5.04683,15.220968,12.344046,4.543675,0.61846
70,69,6.937946,2.057264,4,1,-1.00,7.70078,14.51439,7.599965,3.009848,0.525945
53,66,-2.816596,-1.484781,4,1,-1.00,2.546356,6.515704,5.522597,9.508982,2.030813
34,56,-13.069393,2.653881,4,1,-1.00,16.003029,17.649228,12.37647,11.907311,2.166349
11,41,-0.172574,2.907835,4,1,-1.00,4.554634,11.080338,6.290989,5.972717,0.756206
1,38,-3.577453,1.921134,4,1,-1.00,3.39329,3.001504,0.954885,0.515356,0.104298
17,47,0.662853,3.375798,3,1,-1.00,5.349107,5.556881,2.460721,1.032421,0.158926
34,69,13.635952,3.121761,4,1,-1.00,1.971706,2.849926,1.105225,0.801035,0.145514
44,78,15.065668,3.558415,3,1,-1.00,3.708457,4.129671,2.339985,0.759038,0.084465
57,81,12.227355,4.197368,3,1,-1.00,1.103432,2.136914,1.360147,0.508592,0.079295
38,91,9.510297,1.741383,2,1,-1.00,1.505489,1.570317,1.849192,1.284348,0.285477
27,67,13.192484,4.392021,4,1,-1.00,32.262745,21.156597,8.979075,6.723866,1.742356
21,74,11.704359,3.879207,4,1,-1.00,2.86851,3.516239,1.64907,0.491118,0.12084
27,69,9.515921,4.581948,4,1,-1.00,1.065009,1.546388,1.102293,0.455692,0.182418
35,57,5.075431,4.258609,4,1,-1.00,12.363485,9.274267,7.091685,6.777112,1.010349
40,56,1.300074,4.449113,4,1,-1.00,4.605991,4.843197,3.652723,1.772953,0.256038
53,67,8.725363,3.078329,4,1,-1.00,24.002872,21.077842,6.934921,4.595682,0.838078
44,69,6.858791,4.362434,4,1,-1.00,5.338038,6.462413,4.618121,1.274547,0.260056
53,75,0.702727,4.413495,4,1,-1.00,7.737237,8.986368,6.437371,2.029395,0.113694
64,94,0.847476,2.905619,4,1,-1.00,8.638405,8.451092,5.149214,4.40024,1.063685
74,91,4.000486,3.539505,4,1,-1.00,14.555905,17.72042,12.841168,7.497522,1.926762
53,90,10.543912,4.415927,4,1,-1.00,4.687598,7.280649,5.070853,7.085362,1.957211
30,90,8.418877,4.528635,4,1,-1.00,11.414096,13.594149,7.954829,6.329597,1.40514
21,78,6.124933,1.703686,4,1,-1.00,6.034841,8.995473,3.14847,1.677218,0.277357
3,60,5.983707,3.943269,4,1,-1.00,16.759666,15.833238,5.117654,1.525346,0.79637
4,47,-1.555702,4.186694,2,1,-1.00,6.990452,10.083226,5.974088,2.849316,0.478824
3,47,5.2292,3.071887,4,1,-1.00,9.171677,9.260293,3.837308,2.069502,0.506742
1,48,7.58729,4.375896,4,1,-1.00,2.454737,4.961704,3.210334,0.843884,0.11022
16,63,12.366326,3.771513,4,1,-1.00,4.291514,3.794565,1.89169,0.995719,0.175658
38,54,12.04547,4.756429,3,1,-1.00,4.497544,6.170964,3.363664,2.5281,0.221272
54,37,-1.073876,4.16202,3,1,-1.00,3.356986,9.844524,5.671354,1.133842,0.077754
90,27,4.034258,0.587682,3,1,-1.00,4.478812,5.648081,4.519978,1.709496,0.32355
96,21,-3.787805,3.512113,4,1,-1.00,2.260117,3.855132,2.739024,1.885163,0.291432
94,50,-11.744045,2.064957,4,1,-1.00,3.800558,3.05786,1.532724,0.897281,0.097793
100,69,-9.003191,4.926609,4,1,-1.00,2.224524,5.668823,3.60291,0.779071,0.103938
100,91,-11.582569,3.94147,4,1,-1.00,3.020781,5.437758,3.502015,0.723109,0.211696
97,78,-16.188119,3.915712,3,1,-1.00,4.21291,4.105847,1.374669,0.841952,0.162599
88,54,-15.77578,4.272301,4,1,-1.00,4.402261,8.412763,4.667764,2.061907,0.472789
66,48,-24.243185,4.994743,3,1,-1.00,2.998647,4.915548,4.565747,2.641495,0.644097
41,44,-21.792634,4.734463,3,1,-1.00,5.638392,9.773828,7.853406,4.968967,0.630329
24,74,-14.111673,4.480007,4,1,-1.00,2.651298,4.747951,3.819516,2.263511,0.311189
26,84,-11.280469,4.788072,3,1,-1.00,2.184238,2.219249,0.737927,0.502914,0.059957
43,91,-0.694676,4.583299,3,1,-1.00,1.947444,2.659999,1.499691,0.838645,0.168528
63,90,-18.690699,5.134267,3,1,-1.00,2.312857,3.708916,1.890819,0.576584,0.085748
69,75,-7.173175,5.426024,3,1,-1.00,3.58382,2.500393,1.983979,2.058766,0.254226
77,78,-6.535111,4.429835,4,1,-1.00,8.119288,14.521552,11.346708,8.113651,1.444241
51,78,-10.287828,0.500063,3,1,-1.00,2.651059,4.948164,4.013292,2.357062,0.265353
51,80,-16.938229,-1.794647,3,1,-1.00,1.682514,2.982464,2.624834,1.485083,0.171003
63,75,-10.977464,2.118064,3,1,-1.00,1.653545,3.117795,2.050815,0.774096,0.124522
56,80,-18.322923,4.57903,3,1,-1.00,6.644005,13.563225,8.266014,6.919027,1.190422
60,78,-14.039046,4.337206,4,1,-1.00,1.57986,1.98554,1.208046,1.076558,0.082052
53,74,-18.05808,1.16318,4,1,-1.00,7.259874,5.849321,3.617103,2.60107,0.552438
24,70,-15.599436,4.176526,4,1,-1.00,3.549628,4.807637,2.497983,1.44392,0.322567
20,67,-14.429704,2.027045,3,1,-1.00,8.380343,16.901589,8.338688,2.622718,1.025424
27,63,-23.628597,4.488893,3,1,-1.00,11.597599,7.260409,3.48241,0.978244,0.189589
24,60,-29.541586,4.486226,3,1,-1.00,7.228067,8.799506,3.228235,1.750337,0.244963
27,53,-52.615536,4.693097,3,1,-1.00,23.631692,18.8376,6.342548,3.515805,0.563597
34,53,-31.046058,3.719459,4,1,-1.00,3.469293,3.242739,3.285876,1.558335,0.294807
35,63,-29.020638,-0.910755,3,1,-1.00,8.513544,8.288468,3.456546,1.554469,0.469183
38,77,-28.807069,4.215837,4,1,-1.00,19.572695,17.306632,11.7715,3.758942,1.062069
35,90,-28.063996,2.050206,4,1,-1.00,2.927843,2.740194,2.460483,0.97411,0.285616
50,93,-38.346478,-0.369776,4,1,-1.00,6.35947,5.066136,2.53967,1.537953,0.307106
44,90,-35.850059,1.355456,4,1,-1.00,15.2957,22.873576,8.294654,3.54378,0.43658
27,77,-44.229335,0.074759,4,1,-1.00,19.433896,19.313945,10.934837,5.522628,0.737919
34,77,-33.60893,2.342873,4,1,-1.00,4.984195,4.157909,2.586781,1.985756,0.441831
23,83,-30.366209,1.87601,3,1,-1.00,4.634833,4.315035,2.182744,0.776318,0.064699
27,81,-24.020378,2.575064,4,1,-1.00,1.396738,3.273088,2.442273,1.38535,0.282417
43,74,-24.006715,3.25655,4,1,-1.00,13.534091,14.253755,4.125507,1.907404,0.182632
35,69,-24.582757,3.640481,4,1,-1.00,47.964685,32.026464,30.723709,23.60876,2.552224
40,57,-28.621919,3.724765,3,1,-1.00,33.400407,30.186306,12.195096,5.651339,1.176535
21,53,-23.528004,2.44215,4,1,-1.00,213.933839,214.659454,97.963046,35.480055,6.984973
8,57,-23.696675,2.762429,4,1,-1.00,149.666155,175.762992,70.988061,28.486729,7.590307
26,38,-15.226081,3.73848,4,1,-1.00,41.926278,29.910029,13.733189,12.122029,1.932639
7,44,-3.981311,3.720213,4,1,-1.00,108.421001,149.374475,101.518624,42.488164,10.075348
7,44,-11.276562,3.664551,4,-1,-1.00,190.980719,226.138042,81.181809,31.167756,8.484805
27,56,0.636812,4.117127,4,1,-1.00,82.869537,99.413315,56.912839,16.423326,5.02102
38,74,0.908254,-0.099636,4,1,-1.00,165.494149,257.135405,112.942312,39.340913,10.145374
38,100,-8.702306,4.022879,4,1,-1.00,199.768109,141.172822,47.0657,30.060026,7.015995
60,97,-9.379615,3.787632,3,1,-1.00,9.489803,8.691062,4.059717,3.671039,0.597891
47,90,-12.348342,3.88475,3,1,-1.00,141.419965,235.016524,110.674381,38.998708,10.152304
63,78,1.838644,-2.706245,4,1,-1.00,21.260334,19.679008,6.99471,4.917562,0.526968
53,74,-4.977892,1.401408,3,1,-1.00,3.050893,6.172641,3.129635,1.058829,0.184232
44,80,1.045395,3.333605,3,1,-1.00,17.477193,17.415071,8.998595,1.792002,0.435481
50,74,5.585493,3.268867,4,1,-1.00,32.642503,40.350202,28.876394,16.416025,4.783746
26,67,1.366467,2.155254,4,1,-1.00,167.2517,103.653734,48.832201,36.953313,6.326261
37,64,-4.944849,2.953346,4,1,-1.00,62.422624,84.596733,36.415315,21.102878,2.679935
37,50,0.954277,3.148389,3,1,-1.00,46.487332,75.747355,54.980751,28.649812,6.98808
20,67,4.815541,2.495252,4,1,-1.00,96.547705,69.511331,28.616217,13.538104,3.69167
10,78,12.739159,3.361029,4,1,-1.00,5.372351,5.307006,3.39366,1.51718,0.199315
10,75,13.801963,-0.008845,4,1,-1.00,0.855025,1.28262,1.415051,0.943341,0.273778
1,69,18.648818,3.532865,4,1,-1.00,17.559337,25.605519,16.664765,8.897951,3.008689
20,57,21.488749,2.801413,3,1,-1.00,2.94964,5.122314,2.991917,0.85827,0.136215
48,54,27.746209,2.824289,4,1,-1.00,29.662736,38.119529,16.671464,24.556082,8.41959
64,54,31.810157,2.913253,4,1,-1.00,5.157246,10.617983,5.116345,1.957134,0.46091
61,80,13.042102,2.875862,4,1,-1.00,37.436603,35.278636,14.509532,4.622542,0.709598
44,87,37.363842,2.709998,4,1,-1.00,136.083043,78.284078,34.395373,14.3425,5.100627
40,94,31.485506,3.094381,4,1,-1.00,159.596865,119.441967,61.645173,35.9747,7.379983
24,94,23.179084,2.386626,4,1,-1.00,20.25784,17.389127,10.990687,4.9065,0.917881
34,88,30.225497,3.32828,4,1,-1.00,10.149817,23.113958,21.374271,17.887284,2.926003
44,87,38.631424,2.617342,4,1,-1.00,120.738559,255.429379,124.69207,37.97772,18.528122
44,87,47.251992,2.947837,4,-1,-1.00,5.596793,5.8861,3.98727,2.12922,0.372765
37,69,48.918122,2.557201,4,1,-1.00,8.015189,9.497513,6.229185,3.639334,0.609795
35,64,50.649797,3.285379,3,1,-1.00,10.962639,18.628132,21.045975,9.592638,2.732497
27,53,53.644724,2.616521,4,1,-1.00,36.256988,37.505424,20.765719,9.192205,3.823093
4,48,48.837586,2.916501,4,1,-1.00,179.049125,170.393071,79.968081,43.01265,9.595656
10,66,52.530166,3.069827,4,1,-1.00,20.605691,29.298087,10.324955,4.061856,0.958933
1,77,61.314506,2.489112,4,1,-1.00,5.728232,10.577579,5.85867,1.212936,0.156948
16,80,74.562782,2.770706,4,1,-1.00,39.288364,59.888765,40.579906,18.710071,3.744359
38,90,79.765381,-1.328251,3,1,-1.00,3.392929,3.308435,3.504015,3.392164,0.497881
34,70,91.948854,2.469562,4,1,-1.00,80.200301,100.610847,48.57733,26.77645,4.858133
40,69,94.21058,0.896287,4,1,-1.00,11.661502,8.980396,5.341457,3.142341,0.142156
50,66,101.91513,0.534119,4,1,-1.00,7.106644,8.656203,5.811255,3.393753,0.21937
54,74,101.980624,2.106928,4,1,-1.00,18.221386,38.405835,10.399883,4.689889,1.167826
57,93,99.292307,2.372323,4,1,-1.00,87.35697,114.818566,64.380688,21.971949,6.686388
61,90,100.720505,2.447589,4,1,-1.00,123.93386,77.648299,37.245582,26.417607,2.887847
37,90,102.220513,-0.057462,4,1,-1.00,23.30518,10.017922,4.32419,3.575896,0.618145
10,74,116.876402,0.709777,4,1,-1.00,2.703243,2.352521,1.881734,1.699624,0.333144
3,60,126.082517,1.716259,4,1,-1.00,24.041298,22.548409,11.427601,4.881977,0.854637
8,61,106.520465,2.008248,4,1,-1.00,29.642042,28.312428,13.590129,9.336487,1.748667
23,57,106.555114,2.056831,4,1,-1.00,11.377663,7.806268,2.585414,2.001584,0.340461
21,56,102.800857,1.421263,4,1,-1.00,5.414314,7.591451,3.92729,2.999076,0.463878
24,53,119.230424,0.439209,4,1,-1.00,5.105936,5.709512,3.008329,0.957752,0.146889
21,50,118.300151,3.016409,4,1,-1.00,2.144107,2.698206,3.275378,1.742844,0.423108
20,63,129.3742,2.899564,4,1,-1.00,2.710309,7.616455,4.736667,1.673287,0.276965
29,63,138.888493,2.867675,4,1,-1.00,15.327577,17.359485,9.47621,6.410877,1.626676
48,67,137.088503,2.610703,4,1,-1.00,6.216633,7.488219,3.567833,0.733935,0.179173
57,67,119.905908,1.419713,3,1,-1.00,2.020121,3.064145,1.977951,1.119339,0.138016
63,67,118.144974,2.414895,4,1,-1.00,5.938313,5.865194,2.971292,2.517775,0.386058
81,70,-75.758454,2.714779,4,1,-1.00,1.300555,2.987517,2.151217,0.733733,0.058499
75,67,101.045357,-1.520905,4,1,-1.00,2.849205,4.523109,2.229961,1.198678,0.25736
80,69,40.564834,2.342638,3,1,-1.00,2.282606,4.449612,3.24613,1.683704,0.209967
75,60,115.985045,2.491747,4,1,-1.00,3.16297,3.157796,1.812239,1.374658,0.094213
70,54,109.990518,1.021278,4,1,-1.00,3.941353,4.725505,2.01902,1.231078,0.134594
70,63,108.346683,1.794878,4,1,-1.00,3.643273,4.313901,1.791841,1.252783,0.123201
64,63,44.838702,-0.225022,4,1,-1.00,23.479679,15.484799,6.848436,5.735435,1.707335
57,64,100.06354,0.79756,4,1,-1.00,12.523396,14.941298,9.551494,7.747223,1.932521
44,54,108.525319,-0.236605,4,1,-1.00,4.165526,3.804547,1.524143,1.600569,0.19756
44,61,98.327062,-1.950016,3,1,-1.00,1.528749,1.788286,1.83959,0.901964,0.079518
41,66,26.658766,-2.309039,4,1,-1.00,1.972875,4.054994,2.620266,0.860728,0.132553
60,70,101.507751,-0.800764,4,1,-1.00,5.77251,10.489787,8.015929,4.280295,0.749873
67,84,89.139673,2.315046,3,1,-1.00,0.715534,2.079503,2.061319,0.924026,0.190519
70,78,110.540864,-2.56939,4,1,-1.00,1.614303,3.859678,2.726593,1.60348,0.231357
66,78,109.661179,1.147524,4,1,-1.00,3.74955,3.435187,1.209037,1.821887,0.178622
56,66,103.457171,-2.804968,4,1,-1.00,2.421498,3.30497,2.056543,1.821036,0.197135
60,66,105.416973,1.897036,4,1,-1.00,7.777244,9.187327,8.195995,5.958349,0.858834
56,66,99.751564,1.90012,4,1,-1.00,1.757083,4.654406,3.085036,1.64074,0.191003
61,53,93.684,1.105743,4,1,-1.00,7.354625,10.67377,5.444978,1.712397,0.319824
57,51,85.580091,0.058976,4,1,-1.00,14.881699,18.432172,8.207623,4.078502,0.452868
53,44,94.007116,1.344805,4,1,-1.00,3.785103,3.176425,3.092629,2.308685,0.496907
41,38,88.141505,2.73076,4,1,-1.00,5.060084,15.564862,10.357795,3.548956,1.331097
16,41,86.100862,3.416114,4,1,-1.00,1.655385,1.848031,1.561122,1.025587,0.155752
24,51,86.523903,3.441131,3,1,-1.00,4.148335,4.706411,2.883853,1.352343,0.1537
29,53,84.108853,-1.473915,4,1,-1.00,19.060666,25.417488,15.155506,8.241424,1.435108
34,74,55.577994,3.161428,4,1,-1.00,60.314329,71.656286,34.108071,14.271584,0.757983
53,74,72.445158,2.862253,4,1,-1.00,81.310227,87.374408,44.626504,18.189607,3.792135
48,74,61.966226,2.007685,4,1,-1.00,18.02932,20.98201,9.988072,4.427446,0.765647
44,67,50.091906,-0.028974,4,1,-1.00,6.04196,7.861394,4.702331,1.457249,0.22227
40,38,74.670799,-0.798027,4,1,-1.00,6.191073,6.121174,2.246569,1.596518,0.239229
37,40,33.507685,-1.135657,3,1,-1.00,13.471399,18.231748,8.462129,3.667775,0.562281
17,20,83.077878,-1.575204,3,1,-1.00,17.286562,18.623781,6.656529,4.074944,1.664743
27,29,83.286577,1.717157,4,1,-1.00,23.943904,47.536544,27.993977,8.003455,1.808312
43,43,69.851486,1.949232,4,1,-1.00,45.683079,39.436378,32.585702,20.088587,4.391299
60,48,64.468161,-0.860802,3,1,-1.00,2.204634,2.515675,1.80762,1.082322,0.161083
80,64,64.20315,3.001648,4,1,-1.00,27.099164,95.929421,70.109337,34.398731,3.315554
67,60,57.81766,1.645103,4,1,-1.00,146.769523,185.838856,92.600291,39.454562,6.901654
61,61,15.374755,2.330673,4,1,-1.00,271.460301,254.152362,107.353094,49.586981,12.284225
61,61,41.151643,2.908853,4,-1,-1.00,217.477263,161.561128,72.956123,48.746643,18.090883
51,63,44.772594,2.882296,4,1,-1.00,165.181191,155.937447,61.549713,31.598482,3.797326
51,66,-74.535723,2.403879,4,1,-1.00,92.87702,108.653529,36.969507,26.009706,6.315211
53,69,52.517018,0.210748,4,1,-1.00,39.081371,42.623094,24.968824,17.547257,5.248079
54,78,60.878047,3.516272,4,1,-1.00,48.971641,46.316629,29.28001,21.047635,4.550455
51,75,5.633779,1.68031,4,1,-1.00,159.180868,162.794254,73.479309,33.402063,2.666615
50,83,38.656675,3.056069,4,1,-1.00,152.725475,202.770071,94.916912,33.793892,11.147946
63,91,41.293407,-0.516529,4,1,-1.00,79.332366,138.495919,79.599621,25.143382,10.501805
40,100,-71.697222,2.270127,4,1,-1.00,77.659435,110.210312,86.947408,41.234381,6.981445
38,96,42.468167,1.852361,3,1,-1.00,121.85092,103.859344,34.197895,22.69258,4.99735
37,100,57.915155,2.646437,4,1,-1.00,100.114246,77.244227,32.173303,25.784851,10.20285
38,96,63.18161,2.696398,4,1,-1.00,114.799821,132.372964,97.499913,51.329989,13.433437
54,77,63.917156,2.262424,4,1,-1.00,47.478263,69.135319,61.580715,35.939763,6.850841
67,84,54.230972,2.616218,4,1,-1.00,195.845904,247.049517,158.435347,47.146269,12.762338
67,84,65.131224,2.758068,3,-1,-1.00,306.709432,161.692949,61.025384,44.091958,7.303682
80,69,68.70175,-1.144652,4,1,-1.00,131.569781,147.271029,49.311058,30.545639,11.388211
66,70,69.850114,2.127577,4,1,-1.00,329.195885,290.689918,88.780108,50.354504,13.86301
77,69,74.634481,1.533341,4,1,-1.00,66.609907,57.194333,41.562772,16.601671,4.140832
69,75,74.208863,2.906662,4,1,-1.00,84.624901,63.656056,41.200125,21.766656,5.125966
53,84,71.61172,3.100552,4,1,-1.00,45.940749,63.140297,31.641376,19.587838,5.885975
53,84,47.846835,3.160007,4,-1,-1.00,23.082654,18.089188,5.431186,3.815393,0.36257
47,75,87.426255,3.470505,4,1,-1.00,3.282943,6.04518,7.363689,2.699345,0.593587
47,78,85.451914,3.361722,4,1,-1.00,42.077802,29.716766,25.750899,16.383142,2.580421
34,66,94.388256,2.924741,4,1,-1.00,81.396999,56.983337,25.797246,12.948688,3.753067
37,60,88.914632,3.417836,4,1,-1.00,92.146525,75.851167,24.745565,11.989481,2.122129
47,74,93.417403,2.811323,4,1,-1.00,98.038205,140.475483,61.108364,38.567418,11.882161
47,74,107.430222,2.7363,4,-1,-1.00,178.220506,233.41638,86.662986,39.911896,7.206527
37,70,115.915982,2.555764,4,1,-1.00,2.146431,4.417347,2.165401,1.983044,0.280179
51,78,119.18561,3.027989,4,1,-1.00,1.593841,3.727166,2.719125,0.497455,0.071824
74,81,126.159664,2.447872,3,1,-1.00,2.550784,3.718803,2.647249,0.644664,0.241082
80,77,126.643543,3.283531,4,1,-1.00,5.158716,5.577364,3.24641,1.763894,0.182607
87,93,135.612552,3.428769,4,1,-1.00,51.471239,40.615822,15.677152,18.067814,5.942394
90,93,132.793388,3.22001,4,1,-1.00,22.589796,38.624303,26.917898,10.510974,2.194963
69,87,133.829752,2.880328,4,1,-1.00,54.593368,43.025156,24.565517,17.725688,1.989792
47,77,136.950774,3.016398,4,1,-1.00,25.759618,44.844214,20.09917,10.050642,1.824592
23,60,140.774962,1.815869,4,1,-1.00,4.14484,5.352294,3.261592,2.862832,0.247586
11,63,141.417799,1.800734,4,1,-1.00,7.834949,13.4257,4.593371,5.789251,1.593777
26,63,147.133764,0.497715,4,1,-1.00,10.30535,17.85657,11.857369,8.155505,1.902524
34,61,156.63042,2.61573,4,1,-1.00,12.530905,4.393416,2.864003,2.12387,0.280512
56,74,157.676898,2.780016,4,1,-1.00,7.9979,9.149987,5.155277,2.125244,0.221716
50,56,157.388002,0.51589,4,1,-1.00,7.100009,10.887934,5.635592,1.562843,0.179768
17,44,158.81588,1.778366,4,1,-1.00,39.093171,22.903078,6.171222,8.148031,1.048946
23,44,159.47948,2.536898,4,1,-1.00,8.086427,8.751862,3.666304,3.562425,0.81272
7,24,161.040081,2.276549,4,1,-1.00,29.130893,21.728178,15.620051,15.637905,2.044905
17,34,163.957573,2.867061,3,1,-1.00,9.47894,7.683592,4.474906,3.389681,0.863016
34,43,152.572876,2.828644,4,1,-1.00,4.302842,7.552933,6.305705,4.866567,1.056565
29,38,161.44624,1.123089,3,1,-1.00,2.854489,4.089309,2.88152,0.89289,0.06194
53,57,152.868207,4.193747,4,1,-1.00,6.89682,8.677361,4.47285,3.244643,0.676404
54,64,159.547755,1.285408,3,1,-1.00,12.848118,14.835522,6.985716,6.879706,1.22597
50,70,158.196009,2.502241,4,1,-1.00,21.745661,23.123769,12.535726,9.514745,1.527769
51,78,159.706598,4.431214,4,1,-1.00,15.582542,13.659828,4.749361,3.261796,0.844549
27,77,125.771628,2.73063,4,1,-1.00,31.074052,32.958985,22.04267,11.497373,1.396343
21,75,148.600683,2.935012,3,1,-1.00,1.920962,2.650607,1.294189,0.982927,0.384895
34,78,146.766476,4.345653,4,1,-1.00,32.679463,30.303125,17.154843,6.990668,1.492424
38,75,156.598914,4.580366,4,1,-1.00,2.685865,2.903414,4.68148,4.263008,1.198216
47,60,155.155904,4.206005,4,1,-1.00,3.105148,6.550889,3.609754,1.753826,0.247181
38,27,158.692592,2.494173,4,1,-1.00,8.198996,9.247875,5.294555,2.574308,0.293308
34,23,154.904062,4.094462,4,1,-1.00,15.990496,12.993134,6.929771,2.716983,0.331974
26,35,118.466443,1.299143,3,1,-1.00,8.887842,8.585147,8.257516,4.439375,0.751832
20,51,26.080605,5.718008,3,1,-1.00,10.077603,9.766138,3.923978,1.548444,0.297666
24,77,160.695747,4.530217,4,1,-1.00,12.93905,14.793124,9.373464,2.066016,0.415646
29,93,159.703679,4.02124,4,1,-1.00,7.729987,13.936836,8.089801,2.029456,0.458066
35,96,153.935716,3.527274,3,1,-1.00,6.884677,6.763957,5.362816,4.876137,0.533007
43,83,170.10297,4.748513,4,1,-1.00,9.332988,9.892571,11.825834,4.108054,1.206201
41,57,150.126958,-0.362555,3,1,-1.00,21.783824,9.8341,1.708053,5.788582,0.657913
38,41,164.377522,4.07017,4,1,-1.00,11.56577,12.503079,5.920091,2.571342,0.42053
44,37,152.402422,5.116161,4,1,-1.00,91.263921,56.42732,17.262948,22.325705,6.744763
44,53,143.453631,5.60252,3,1,-1.00,37.125118,34.071853,27.110039,20.307095,7.673699
44,74,121.042144,5.395008,4,1,-1.00,80.294884,241.681834,208.317822,36.541771,9.176902
35,67,64.143003,5.675897,4,1,-1.00,6.851567,11.738422,8.165524,9.800462,1.751389
24,70,135.489929,3.863318,4,1,-1.00,31.173129,12.774693,34.981673,21.909384,5.977961
24,74,-40.974896,3.219855,3,1,-1.00,11.695674,39.216342,35.444495,24.31457,5.202372
35,80,126.991984,5.355387,3,1,-1.00,3.806465,14.408753,15.118011,7.641491,2.595229
41,88,118.599594,5.350863,4,1,-1.00,8.207588,8.514218,3.58516,2.010525,0.386123
38,81,120.535618,0.835749,4,1,-1.00,11.778663,8.254838,4.25099,6.325722,1.219148
26,64,117.499085,5.551059,4,1,-1.00,26.860005,22.875363,18.214981,13.603565,1.757246
27,60,110.479081,5.586212,4,1,-1.00,18.711203,21.475753,12.383895,11.520718,1.602431
11,51,114.410035,0.831794,4,1,-1.00,8.858067,6.762131,3.599892,2.570233,0.758967
17,56,98.295626,6.039155,4,1,-1.00,2.092264,1.497695,2.116003,2.678868,0.69517
11,56,100.448823,3.400501,4,1,-1.00,5.811989,5.34983,2.79328,1.885373,0.439874
8,63,100.418121,6.052213,4,1,-1.00,18.860423,30.972303,26.971465,15.831954,4.482429
23,77,73.562286,2.020689,4,1,-1.00,52.838941,42.090206,27.127679,15.320014,1.688482
29,69,66.6614,6.127815,3,1,-1.00,115.996145,60.875423,28.849495,25.34845,5.313582
51,84,28.058232,4.276929,3,1,-1.00,18.698084,16.401715,8.994863,7.278383,1.168893
43,63,60.231678,1.701055,3,1,-1.00,11.572977,8.601266,2.454821,0.872846,0.168684
48,50,21.815659,2.277172,3,1,-1.00,9.129418,13.815762,5.931751,2.11086,0.318488
51,54,64.859448,6.022406,4,1,-1.00,2.62939,2.490893,2.926792,1.093673,0.081277
60,51,63.927402,5.954344,3,1,-1.00,2.139035,2.404441,1.45774,1.390804,0.265422
77,70,62.78446,6.017952,3,1,-1.00,4.506109,5.393925,3.248201,0.850296,0.086088
96,74,63.497896,6.264273,3,1,-1.00,2.787502,2.458806,1.562404,1.442659,0.272858
93,63,56.54107,5.235168,4,1,-1.00,2.634521,4.251305,3.989225,2.546164,0.573264
77,48,49.304267,3.053354,4,1,-1.00,2.912257,3.389119,2.873639,1.311098,0.230359
70,37,-11.49858,2.876247,4,1,-1.00,2.859551,3.337256,2.095014,0.757824,0.123947
57,50,32.423889,4.646074,2,1,-1.00,4.382974,6.931851,3.523117,1.279318,0.251503
64,61,22.622935,6.206305,3,1,-1.00,2.238235,2.849555,1.630606,0.663411,0.113058
74,77,33.588671,5.990271,3,1,-1.00,1.627624,5.421575,4.966204,2.495521,0.309205
74,81,28.510904,6.001766,3,1,-1.00,12.525491,15.975124,7.695317,4.459904,1.355826
75,69,12.970814,4.932875,3,1,-1.00,2.982552,4.912099,4.821633,1.480405,0.163792
78,60,25.752893,5.646757,4,1,-1.00,1.301602,4.507689,3.434071,1.006746,0.247473
81,53,20.721237,3.689389,4,1,-1.00,6.473741,9.344733,4.039066,2.230004,0.311766
80,50,16.635132,4.467377,4,1,-1.00,2.461422,5.179237,4.79401,2.133619,0.376059
78,61,-27.072525,4.510846,3,1,-1.00,2.566455,6.512786,4.041247,1.900276,0.473637
61,64,16.372438,5.085098,4,1,-1.00,3.519753,10.188531,6.71685,3.231029,0.369167
54,77,-0.115037,-0.263857,2,1,-1.00,4.801829,4.604734,2.04325,0.764368,0.378867
67,88,22.03061,4.643057,4,1,-1.00,9.065875,7.777111,2.728151,1.688693,0.146083
64,88,17.391519,4.677269,3,1,-1.00,5.742839,8.807263,8.499619,4.463779,1.041283
57,97,16.313457,4.192001,3,1,-1.00,3.133451,3.110346,4.174578,3.381922,0.845217
50,96,18.90247,-0.659686,3,1,-1.00,7.485361,7.847002,3.915394,3.308468,0.64209
29,88,10.741745,5.093451,3,1,-1.00,3.186812,4.552036,4.493563,2.190634,0.289077
27,69,-15.235552,2.524482,2,1,-1.00,2.899157,3.147658,1.947802,0.702872,0.174138
51,64,0.578249,4.79248,1,1,-1.00,2.950873,5.147817,3.97217,3.11165,0.600819
70,63,-17.569339,3.352056,3,1,-1.00,6.680449,8.888244,4.519985,2.040829,0.281715
84,67,-14.070043,0.404769,2,1,-1.00,1.558511,2.90314,2.695787,1.119764,0.205551
93,90,-9.086603,3.31655,4,1,-1.00,4.91688,7.004741,3.495443,1.090884,0.115618
90,81,-34.831095,4.330222,4,1,-1.00,7.263113,11.022765,4.212503,2.342945,0.300913
77,75,-25.653699,4.458901,4,1,-1.00,12.178792,9.986478,6.173154,3.749946,0.89162
78,61,-29.7146,2.780965,4,1,-1.00,8.019715,3.887245,2.028455,1.120177,0.209079
61,35,-66.173783,3.504689,4,1,-1.00,2.480355,7.029527,4.490359,1.860772,0.204879
64,48,-30.80955,4.126791,4,1,-1.00,3.538397,2.994985,2.997656,1.730104,0.123406
80,63,-68.10277,3.129205,4,1,-1.00,7.645062,4.728785,1.239566,0.662409,0.123397
84,78,-48.36715,3.56951,4,1,-1.00,5.072432,5.093346,2.215758,1.857441,0.248402
96,87,-52.245314,2.148894,4,1,-1.00,4.346614,4.064348,2.513158,1.819594,0.390588
78,83,-41.104725,1.087731,2,1,-1.00,3.628681,4.976819,2.871204,2.755421,0.421163
57,83,-45.143475,1.91854,4,1,-1.00,0.855066,1.325556,0.776159,0.565946,0.104512
57,83,-26.531501,2.698772,2,1,-1.00,2.053013,2.871984,1.711061,1.189801,0.262724
63,94,-25.048677,2.708447,3,1,-1.00,3.948914,3.164855,1.842528,0.987098,0.154729
77,90,-79.808097,0.962675,3,1,-1.00,3.675238,3.451885,1.666322,0.852346,0.138592
84,84,-23.856814,-2.591796,4,1,-1.00,8.445274,7.478293,2.754395,2.049118,0.481802
80,84,-22.939579,2.946748,3,1,-1.00,2.962917,2.507621,1.15502,0.792076,0.112728
77,75,-33.085371,2.398306,3,1,-1.00,2.519962,2.508169,1.956594,0.841694,0.265383
75,83,-28.023093,-2.327374,4,1,-1.00,1.371742,3.05906,1.856373,0.796956,0.178636
88,83,-45.730631,0.884284,1,1,-1.00,5.139481,6.035786,1.99679,1.373761,0.237058
80,77,-25.91934,-0.210752,3,1,-1.00,2.490871,4.508739,5.845231,2.253714,0.434089
81,78,-21.743647,-0.652587,4,1,-1.00,5.086273,5.388376,2.350665,1.202564,0.187189
75,74,-26.969523,0.984057,4,1,-1.00,1.82227,2.76744,2.579719,1.207619,0.168304
66,75,-35.589006,1.197869,4,1,-1.00,3.45848,5.394388,2.990042,1.659733,0.167092
70,81,-24.742426,1.167059,3,1,-1.00,1.322128,2.195389,1.960712,1.51778,0.287539
69,84,-31.239242,-3.935131,2,1,-1.00,7.269545,6.827332,2.298132,1.543153,0.20929
74,74,-40.690061,-1.513688,4,1,-1.00,3.14656,3.739907,1.725585,0.712927,0.119165
75,56,-32.910237,0.795745,4,1,-1.00,7.946198,10.763526,6.521728,3.002483,0.644585
75,48,-39.408991,1.21864,4,1,-1.00,5.579193,6.314485,2.828933,1.626583,0.362442
70,51,-52.358287,1.15938,4,1,-1.00,3.119874,4.275563,1.72393,1.185305,0.335894
66,66,-69.854023,-0.93046,4,1,-1.00,4.775415,4.472169,2.116567,1.091113,0.278146
63,77,-65.420879,1.121984,4,1,-1.00,1.413903,4.599542,4.81462,1.952983,0.37842
66,77,-58.04844,0.68538,2,1,-1.00,1.590457,3.539514,2.340585,0.905392,0.124522
70,70,-63.415733,0.855908,3,1,-1.00,2.522266,3.215354,1.519575,0.857599,0.162904
78,70,-58.586897,1.081452,3,1,-1.00,2.010736,2.574512,1.720306,1.211117,0.173451
78,70,-55.832624,-0.01753,2,1,-1.00,5.027142,4.266897,2.876303,1.720474,0.310702
80,83,-56.277608,1.067338,3,1,-1.00,3.023107,4.153112,1.719171,1.453823,0.159687
75,90,-63.202159,0.229256,4,1,-1.00,3.172886,2.591518,1.275528,1.461612,0.163323
81,80,-59.209855,1.197196,4,1,-1.00,6.501906,6.375225,3.021344,2.023278,0.301554
77,64,-62.543994,1.414021,4,1,-1.00,3.625682,4.2653,3.268319,1.61892,0.204311
63,56,-57.501038,-2.319857,4,1,-1.00,8.560742,9.533495,3.916776,2.607479,0.211073
57,50,-55.881644,1.775681,4,1,-1.00,7.082415,7.037501,3.855111,2.588911,0.816259
47,44,-59.499481,-0.834158,4,1,-1.00,3.68937,5.000907,2.867058,2.689919,0.651389
50,56,-72.426115,-0.1038,4,1,-1.00,3.459163,4.430037,2.819875,1.575762,0.218013
61,53,-155.544227,0.995066,3,1,-1.00,1.841408,3.771713,2.497501,1.23125,0.1548
75,53,-61.815416,1.060003,4,1,-1.00,2.697415,4.714608,2.076545,0.582621,0.113035
77,74,-66.651803,-0.417539,4,1,-1.00,1.697163,3.088077,1.925286,0.489922,0.072766
77,70,-49.531916,-0.446316,4,1,-1.00,2.30059,4.159571,2.038895,1.309254,0.180038
66,74,-53.646986,-2.832071,4,1,-1.00,1.78985,5.286557,4.106064,1.644171,0.379003
57,77,-80.489944,0.301272,3,1,-1.00,10.279914,6.222217,2.740571,1.029752,0.237698
56,63,-72.455463,0.853811,4,1,-1.00,1.984697,5.44803,3.782664,1.16974,0.130185
66,74,-44.600651,0.257724,4,1,-1.00,5.148603,3.006738,1.510522,0.686341,0.127523
75,75,-51.215466,-4.912338,2,1,-1.00,4.555796,5.012503,1.644977,1.271194,0.198052
67,74,-57.890289,0.226649,3,1,-1.00,1.971261,3.027591,2.025889,1.094256,0.1017
75,74,-49.985521,-5.302611,4,1,-1.00,7.924269,6.632597,3.343132,1.148639,0.261388
61,70,-52.740458,-1.141178,3,1,-1.00,1.601075,2.792993,1.557057,1.377905,0.235118
50,75,-47.923009,0.46406,4,1,-1.00,3.475514,7.60384,5.338864,0.969495,0.279755
63,80,-46.285494,-0.175047,2,1,-1.00,8.942597,6.399107,3.043793,2.100178,0.325125
56,87,-41.694559,0.290052,4,1,-1.00,1.625225,6.727794,5.302259,1.248466,0.30085
61,83,-60.357295,0.717781,4,1,-1.00,6.769598,9.218426,6.967558,6.10183,1.044913
66,69,-43.88703,0.165053,4,1,-1.00,1.71037,2.041162,1.588044,0.819544,0.131078
64,70,-56.381616,0.349995,4,1,-1.00,4.797799,9.812809,4.440239,1.160181,0.265371
53,80,-53.541418,1.16575,3,1,-1.00,3.122325,3.608656,1.796781,1.34113,0.329857
48,91,-51.393674,-1.438146,3,1,-1.00,2.065327,3.969374,2.491003,0.918864,0.252944
54,100,-56.23085,0.652563,2,1,-1.00,4.883803,4.791207,2.870876,2.543888,0.489262
54,97,-59.23461,0.479549,3,1,-1.00,3.772481,3.20289,1.643971,0.622915,0.144927
70,97,-58.804755,1.18462,3,1,-1.00,3.461676,4.350044,3.460364,1.614706,0.178486
66,63,-64.652311,0.051236,4,1,-1.00,2.109814,4.154056,2.420284,0.705009,0.145753
66,57,-64.867044,-2.726209,4,1,-1.00,1.569801,3.668163,2.310979,0.61112,0.095935
63,53,-57.060928,0.72951,4,1,-1.00,2.763438,2.815148,1.984546,0.989617,0.244374
61,47,-64.660557,0.808554,4,1,-1.00,1.324126,3.10872,2.90787,1.675006,0.2012
77,67,-67.804194,-1.269092,4,1,-1.00,5.5482,6.011853,2.379757,2.179165,0.341998
63,60,-89.917049,0.450594,3,1,-1.00,0.662112,2.049083,1.227435,0.823158,0.147877
63,74,-67.998975,0.736333,3,1,-1.00,2.656921,2.686984,1.42736,1.013188,0.063968
61,70,-67.736658,0.276325,3,1,-1.00,4.959936,4.588886,2.820311,1.505352,0.25248
51,75,-77.801048,0.59666,3,1,-1.00,3.727204,4.815806,3.892273,2.017727,0.261092
67,83,-67.937716,0.770607,4,1,-1.00,3.130087,1.872228,1.6583,1.383219,0.220784
64,80,-67.333476,-0.131229,4,1,-1.00,5.403457,8.135121,6.36553,4.12257,0.66897
61,83,-64.80763,0.823686,3,1,-1.00,1.714236,3.075845,1.668499,0.917851,0.146061
75,74,-65.820647,-5.135977,4,1,-1.00,0.831766,1.810743,0.944692,0.899441,0.110103
57,70,-72.842127,0.615817,3,1,-1.00,3.950246,4.251755,3.238982,2.173514,0.298109
57,67,-68.953045,-0.092714,3,1,-1.00,2.771123,2.101052,0.715596,0.779203,0.1052
60,61,-66.953331,0.359094,3,1,-1.00,3.169593,4.243689,1.555507,1.002412,0.155883
53,63,-70.609791,-2.210746,4,1,-1.00,17.282271,9.755608,3.842478,2.233487,0.432543
54,75,-65.170714,-0.51082,3,1,-1.00,7.604963,11.395696,6.323032,3.649581,0.728304
51,63,-67.621499,0.090737,4,1,-1.00,1.223872,2.237757,1.223888,0.766823,0.118904
51,69,-68.579913,0.222227,4,1,-1.00,2.687352,5.007615,3.56409,1.29085,0.209749
57,80,-64.222136,-3.461963,4,1,-1.00,5.738186,10.175862,6.636891,3.294087,0.852121
78,64,-65.405546,0.065238,4,1,-1.00,3.497511,3.537894,1.705849,1.685787,0.262561
93,81,-69.991078,0.661733,4,1,-1.00,2.629476,2.883399,1.770655,0.650132,0.138132
100,78,-67.192196,-4.384911,4,1,-1.00,1.855032,2.196622,1.77447,1.19857,0.231461
100,70,-63.69153,-0.966222,4,1,-1.00,5.009647,8.008247,4.036139,3.398374,0.562746
87,81,-92.038869,0.31077,3,1,-1.00,4.645672,5.070336,1.9836,1.63375,0.20499
83,74,-67.101712,-2.142447,4,1,-1.00,3.59933,5.975036,3.48733,2.214052,0.235797
78,88,-84.382153,-1.269234,4,1,-1.00,2.177115,2.939463,1.746735,0.955797,0.092207
67,93,-70.423164,-0.247982,3,1,-1.00,3.179795,4.474837,2.362243,0.894464,0.083019
83,91,-67.859514,0.17593,4,1,-1.00,1.687274,3.580804,2.055493,0.668131,0.17229
84,90,-91.895565,0.380854,4,1,-1.00,4.254987,4.347446,3.604353,1.853006,0.259614
69,67,-72.246989,-2.515916,4,1,-1.00,1.953524,3.403277,2.206333,1.049443,0.175312
63,66,-84.578596,-4.414596,4,1,-1.00,2.949656,2.281829,1.562798,1.420423,0.262874
51,60,-72.001248,-3.895983,4,1,-1.00,1.976235,2.925203,1.391404,1.325507,0.402137
38,60,-90.909082,-4.083288,4,1,-1.00,5.632556,7.727939,2.716578,1.427203,0.240403
48,64,-75.70965,0.024421,4,1,-1.00,1.906084,3.876916,1.527606,0.519273,0.111614
40,61,-87.502487,-0.00223,4,1,-1.00,1.240814,1.687575,0.951442,0.961395,0.166297
66,63,-83.410881,-1.697016,4,1,-1.00,3.275167,4.191566,1.922647,0.852114,0.100749
66,66,-87.183716,-0.137513,1,1,-1.00,2.946114,3.881868,2.659198,1.840772,0.388002
69,74,-85.379075,0.078856,4,1,-1.00,1.833851,3.752719,1.516108,0.902622,0.150931
80,74,-85.481848,-5.830612,3,1,-1.00,2.498819,2.718446,1.490124,0.806453,0.171524
70,78,-96.831598,-1.877687,2,1,-1.00,3.000997,3.80928,1.692473,0.967286,0.137702
69,74,-171.025232,0.341068,2,1,-1.00,1.821636,1.482743,0.994816,0.505697,0.135466
61,70,-98.4434,0.134449,3,1,-1.00,2.382683,3.691323,1.429678,1.829078,0.213826
61,69,-99.595364,-0.247828,3,1,-1.00,3.386585,3.448438,1.790603,0.804948,0.130936
51,60,-98.324117,0.100723,4,1,-1.00,0.741985,1.993911,1.691978,0.936938,0.146597
63,61,-100.301661,0.257136,4,1,-1.00,8.249498,7.050881,2.834408,1.435465,0.250801
69,57,-133.663394,-2.978775,2,1,-1.00,2.010363,3.020398,2.207753,1.009989,0.180782
63,64,-104.745635,0.083773,4,1,-1.00,2.172401,2.519985,1.418497,1.740641,0.288795
75,63,-113.612376,0.014027,4,1,-1.00,8.06805,7.18179,2.885706,3.433222,0.665067
63,67,-108.164146,-2.100049,2,1,-1.00,1.741987,1.497389,0.541485,0.554185,0.131879
64,77,-111.142972,-1.265304,3,1,-1.00,1.918894,2.61217,3.065724,2.595683,0.246183
84,64,-116.411835,-1.221075,2,1,-1.00,2.127892,2.972464,1.591655,0.953246,0.136369
74,74,-114.923065,-0.20498,2,1,-1.00,4.815856,5.525982,2.871888,1.325701,0.157373
78,74,-113.792394,-1.684089,4,1,-1.00,2.826206,3.612469,1.953263,1.104482,0.064883
83,66,-121.310938,-1.741683,3,1,-1.00,3.758517,4.154338,2.708575,1.718947,0.298655
77,77,-121.919279,-0.617133,2,1,-1.00,1.339923,2.047752,1.333273,0.779734,0.156294
78,90,-117.169342,-0.985178,4,1,-1.00,1.652658,2.963165,1.991554,0.790522,0.141452
81,80,-119.488,-1.239274,4,1,-1.00,1.482771,3.057107,2.266323,1.304549,0.1958
78,81,-116.286965,-0.608007,3,1,-1.00,1.744509,3.01724,1.495181,1.068392,0.135666
77,78,-119.465921,-2.202708,3,1,-1.00,9.797378,7.044872,5.174638,3.391176,0.595781
61,57,-137.446226,-0.773799,4,1,-1.00,0.856944,2.061363,1.547055,0.961978,0.268968
63,57,-113.118432,-4.541405,4,1,-1.00,5.142547,3.921111,1.738119,1.093462,0.143882
74,57,-116.41932,-2.504877,4,1,-1.00,3.578826,2.627553,1.284491,0.950101,0.144955
67,53,-118.486539,-0.980252,4,1,-1.00,3.015924,4.139562,1.5641,1.277671,0.27617
87,56,-114.367832,-0.565249,1,1,-1.00,3.397582,3.760909,1.729484,0.850314,0.217879
81,64,-117.813349,-6.533237,3,1,-1.00,2.704716,6.422468,3.130036,1.338998,0.173816
69,57,-140.323545,-2.285363,4,1,-1.00,3.290764,5.007726,3.136448,1.139989,0.252765
66,70,-120.930735,-0.956561,3,1,-1.00,10.986904,10.558487,5.069268,2.184578,0.296002
60,66,-116.582975,-0.50377,1,1,-1.00,1.515176,2.082678,1.858416,0.709297,0.107144
74,66,-116.928134,-0.834266,3,1,-1.00,2.128069,2.545056,1.899484,1.023563,0.188038
74,70,-116.647178,-0.438461,4,1,-1.00,2.084082,2.799886,1.686717,0.660916,0.129426
77,64,-127.120882,-3.703325,3,1,-1.00,1.888968,3.787064,2.157781,0.618654,0.13548
90,74,-120.217544,-1.49444,3,1,-1.00,2.517979,12.010347,9.000361,3.177992,0.430151
83,70,-130.122524,-0.795986,3,1,-1.00,3.325087,4.228061,2.315054,0.876915,0.172821
83,80,-125.65118,-0.887188,3,1,-1.00,1.872963,5.046236,3.885842,1.436366,0.209035
84,74,-133.28793,-4.687507,4,1,-1.00,1.992275,2.745005,1.42342,0.780741,0.106239
81,66,-134.786035,-1.219337,3,1,-1.00,2.91722,4.091447,2.385897,1.03627,0.112124
80,67,-126.871098,-1.623444,4,1,-1.00,3.008503,3.939769,2.971291,2.641995,0.366936
83,64,-127.218467,-1.835715,3,1,-1.00,5.111783,6.421144,6.334167,4.44953,1.005918
88,69,-135.930698,-1.109228,4,1,-1.00,3.169844,2.926717,1.596658,1.310677,0.188662
80,70,-126.523956,-2.107639,4,1,-1.00,1.688218,2.214651,1.021997,1.209249,0.222216
75,75,-125.056545,-1.822346,3,1,-1.00,7.21117,8.143286,4.142182,1.822928,0.409052
83,64,-128.970453,-2.837822,4,1,-1.00,2.972144,2.73155,1.253033,0.861345,0.162115
78,66,-128.594038,-4.731068,4,1,-1.00,3.558683,4.307028,4.124313,4.147784,0.630954
74,77,-152.308608,-2.204144,4,1,-1.00,2.574885,3.063821,2.308688,0.979672,0.256207
69,78,-131.904634,-2.083696,4,1,-1.00,2.15338,4.368915,2.187828,2.051706,0.257655
60,74,-127.825947,-1.810295,4,1,-1.00,0.826079,1.485706,1.755775,0.91441,0.130348
48,74,-121.437227,-1.981554,2,1,-1.00,1.660023,2.355927,1.565142,0.868503,0.107575
57,67,-121.009958,-3.968529,2,1,-1.00,1.211179,3.516697,1.704936,0.785367,0.162942
60,60,-132.198499,-2.333017,3,1,-1.00,2.789375,5.380875,3.806631,1.037755,0.247398
54,77,-131.419022,-3.467298,4,1,-1.00,3.854694,5.560621,2.323513,1.569681,0.177053
67,80,-134.609054,-5.314811,2,1,-1.00,2.086463,2.562754,1.828725,0.972681,0.207032
66,93,-125.095363,-6.557479,2,1,-1.00,2.418515,2.796988,1.174115,0.793571,0.116866
61,88,-129.535286,-2.359842,4,1,-1.00,3.216431,3.70423,2.422549,2.796087,0.635532
61,83,-125.59097,-2.005184,3,1,-1.00,1.712719,3.811628,2.270195,1.243492,0.117511
66,84,-132.002978,-2.351311,4,1,-1.00,3.78493,5.639796,3.708512,1.932187,0.20239
54,80,-124.602667,-4.06755,4,1,-1.00,2.683732,6.911004,2.946299,0.894293,0.207836
61,90,-117.339029,-2.081832,4,1,-1.00,4.81932,4.981587,2.699472,1.569928,0.14319
57,88,-137.389128,-2.034518,1,1,-1.00,6.37453,8.856776,3.567189,1.505721,0.136012
56,75,-121.439784,-1.654626,3,1,-1.00,1.779122,5.209435,3.344698,2.099974,0.345802
61,70,-119.662081,-1.306366,2,1,-1.00,1.666841,1.716283,1.497103,1.676766,0.132876
60,75,-122.656831,-8.945584,2,1,-1.00,1.945357,3.285787,2.81744,1.018261,0.267893
63,74,-130.176107,-1.43192,1,1,-1.00,3.279956,3.897347,2.313639,1.403445,0.247336
61,83,-134.391559,-1.076986,3,1,-1.00,3.872508,4.291396,2.149975,1.21907,0.117503
63,96,-135.392788,-1.034775,2,1,-1.00,3.616627,5.951543,2.231047,1.690572,0.288571
63,87,-131.138367,-0.906301,2,1,-1.00,3.783986,4.616748,2.10622,0.972611,0.168998
61,94,-124.952185,-0.71488,2,1,-1.00,3.790046,2.878861,1.147264,0.83382,0.111403
53,91,-129.261533,-0.585316,2,1,-1.00,3.839039,4.918546,2.918457,1.258378,0.151073
56,81,-122.511136,-1.020206,3,1,-1.00,10.553222,9.150989,4.295989,3.699536,0.633496
66,84,-140.838481,-0.703189,4,1,-1.00,2.142558,5.85614,3.62391,1.521781,0.21803
70,84,-127.511098,-0.783005,4,1,-1.00,1.4706,2.838668,1.498785,0.885866,0.223702
67,75,-131.228545,-0.951299,4,1,-1.00,1.006696,1.292934,0.986107,0.741787,0.138381
67,80,-130.140251,-2.476891,4,1,-1.00,3.855851,3.684288,2.171345,1.377071,0.260836
69,74,-149.900327,-7.188702,3,1,-1.00,3.708204,4.34946,2.214586,2.112532,0.311067
70,75,-129.148617,-1.19529,4,1,-1.00,3.408879,7.268303,4.565233,1.023248,0.282158
70,80,-124.508744,-1.327811,4,1,-1.00,1.843441,5.575336,4.085223,1.375138,0.146639
66,69,-120.14294,-1.361809,4,1,-1.00,2.248314,2.137347,1.046036,1.116262,0.16654
56,69,-131.089243,-0.942217,4,1,-1.00,3.325231,4.180881,3.789136,3.199194,0.464544
51,54,-139.078138,-1.166993,4,1,-1.00,4.512102,5.20273,2.970077,1.152786,0.127214
63,57,-120.482095,-1.637457,3,1,-1.00,4.810653,4.016742,2.063777,1.090105,0.250772
70,69,-120.036222,-2.813055,3,1,-1.00,3.10987,3.74836,3.296576,2.612757,0.363503
70,56,-116.008709,-1.186835,4,1,-1.00,1.904561,2.572468,1.424837,1.189761,0.137811
63,57,-121.102964,-2.968676,3,1,-1.00,12.263642,7.821371,3.172962,1.968626,0.207139
61,63,-121.016437,-4.821303,4,1,-1.00,3.416353,3.208531,1.669088,1.458438,0.184444
38,50,-125.115268,-4.913089,3,1,-1.00,2.746028,4.509886,3.719325,1.219586,0.233287
41,69,-126.061667,-1.188216,4,1,-1.00,1.554857,3.191018,2.936378,1.699171,0.263244
41,88,-125.294256,-4.411742,4,1,-1.00,2.377598,3.645141,2.921339,0.714297,0.062288
41,93,-115.709742,-0.600148,4,1,-1.00,6.451018,6.435249,3.708037,2.932671,0.756473
56,84,-122.101221,-1.368541,3,1,-1.00,5.979035,8.060092,4.640199,2.759219,0.323428
57,87,-120.451752,-1.193304,3,1,-1.00,4.308079,5.981538,4.159931,3.507106,0.501323
67,74,-118.08772,-0.631773,4,1,-1.00,2.489654,2.092572,1.72386,2.226336,0.258479
60,54,-119.166048,-6.253151,3,1,-1.00,4.524781,6.213863,2.502514,2.294532,0.328835
60,60,-127.338029,0.167714,4,1,-1.00,4.715579,6.563135,2.870954,1.531004,0.427796
61,54,-122.565869,-0.628092,3,1,-1.00,5.09787,10.238447,6.108943,2.561886,0.442795
64,48,-149.833275,-0.186071,3,1,-1.00,1.378916,2.728356,1.639429,0.733266,0.217372
75,53,-115.029338,0.536023,2,1,-1.00,4.459326,5.875986,2.794818,2.029742,0.225317
70,63,-109.897483,-5.615242,3,1,-1.00,3.236526,4.289492,1.991686,1.373709,0.134782
67,54,-113.315701,0.828175,3,1,-1.00,4.162869,4.620128,1.805191,0.92121,0.209368
75,66,-106.420982,1.038118,4,1,-1.00,6.0019,9.479401,4.526827,1.466193,0.321972
67,56,-100.311959,-0.304442,4,1,-1.00,4.031683,5.54037,3.33535,2.027037,0.304324
70,50,-105.537278,-0.813963,2,1,-1.00,2.352613,2.360555,1.590942,0.705118,0.115424
70,60,-113.05733,1.201142,4,1,-1.00,2.959409,3.829078,2.542986,1.343673,0.211047
50,47,-99.012562,1.233285,4,1,-1.00,2.986699,3.516657,1.619406,1.490236,0.181566
53,61,-103.688838,0.751048,2,1,-1.00,2.53933,3.717828,1.777249,0.752405,0.298765
51,64,-111.802064,-2.982633,2,1,-1.00,5.634708,4.233649,1.918985,2.445246,0.224067
56,74,-97.555822,0.774898,4,1,-1.00,7.695552,8.339145,3.581252,1.916007,0.364101
69,78,-100.060333,1.055407,1,1,-1.00,4.0868,5.564384,2.388299,1.192731,0.193825
67,88,-97.346065,0.659041,4,1,-1.00,2.965205,2.78271,1.303388,0.887616,0.131392
69,94,-110.42605,-0.63439,4,1,-1.00,5.308405,8.936654,3.064327,2.754629,0.368318
60,84,-113.269034,-2.01232,1,1,-1.00,4.116477,4.018401,1.800481,0.936921,0.108637
51,93,-100.253537,1.012601,3,1,-1.00,2.053602,2.823838,2.108625,1.795996,0.149207
54,83,-100.69597,0.964631,3,1,-1.00,5.578941,5.677059,2.442628,1.506046,0.209987
67,75,-101.079455,1.003859,2,1,-1.00,8.328036,4.90704,2.05178,1.147639,0.355416
69,90,-106.497141,-0.348628,2,1,-1.00,2.208149,2.803542,2.301054,1.395681,0.299169
74,84,-111.035891,0.995801,4,1,-1.00,3.6976,3.469036,1.410937,1.559373,0.465778
74,80,-98.911656,0.604396,2,1,-1.00,3.401761,5.191946,3.779111,2.62474,0.453085
57,70,-103.392138,0.53254,2,1,-1.00,2.018966,5.068136,3.204884,1.417351,0.286979
63,53,-105.822704,0.111765,3,1,-1.00,3.139289,2.537435,1.620821,1.154493,0.148627
69,47,-104.478303,-5.384377,2,1,-1.00,1.737207,3.433248,2.294194,1.315668,0.297193
63,38,-85.187353,0.266661,2,1,-1.00,1.804635,3.096296,2.238022,1.533818,0.243711
66,41,-84.226914,-1.780184,2,1,-1.00,7.683432,6.096871,1.547885,1.530276,0.187369
66,48,-84.057484,-0.333609,4,1,-1.00,2.686151,3.44662,0.963827,2.293063,0.315408
60,44,-102.273411,-0.161141,4,1,-1.00,2.973938,6.408865,3.132289,1.784837,0.21688
69,54,-92.444904,-3.459531,4,1,-1.00,9.987263,6.922807,5.461353,5.048686,0.902542
87,56,-91.220329,-0.607117,2,1,-1.00,8.883658,5.724551,2.291141,2.706511,0.367136
77,64,-87.93106,0.359553,4,1,-1.00,4.028079,9.846933,3.774911,2.486688,0.404111
67,69,-83.093177,0.005906,4,1,-1.00,5.600718,6.343427,3.898813,1.554784,0.367041
56,61,-71.889357,-0.876693,4,1,-1.00,3.923642,11.356908,5.604796,2.983782,0.434387
43,64,-84.549601,1.010047,4,1,-1.00,5.158534,4.801506,2.067569,1.755949,0.303437
53,51,-60.236598,0.823831,3,1,-1.00,4.340526,4.823606,3.161655,1.833295,0.253765
63,63,-59.239969,1.1162,4,1,-1.00,3.521201,6.685531,3.563852,1.65532,0.273259
70,67,-61.535979,1.085676,4,1,-1.00,3.34495,5.394875,3.186392,1.171871,0.157039
74,67,-59.427336,-1.817391,4,1,-1.00,10.985766,9.945461,3.927935,2.322982,0.274468
70,69,-62.236388,0.911696,3,1,-1.00,2.478856,3.648227,3.249688,1.063723,0.164177
63,57,-57.978301,0.472279,3,1,-1.00,4.940953,5.795226,2.432244,1.727294,0.244192
75,64,-59.92906,-1.89237,3,1,-1.00,4.645594,6.33273,3.402314,3.180663,0.405739
63,70,-59.057981,0.98569,1,1,-1.00,4.91043,6.809884,3.610118,1.59534,0.374951
57,67,-63.837954,-2.539816,4,1,-1.00,3.410673,5.371649,4.03039,2.14723,0.315527
69,64,-54.590675,0.651218,4,1,-1.00,4.128701,5.525604,4.31005,2.099615,0.288615
60,64,-59.676387,-1.747747,4,1,-1.00,2.465359,5.481816,3.23366,1.505288,0.394134
64,69,-57.495188,1.251993,4,1,-1.00,2.349835,5.278099,4.459953,1.312385,0.280512
69,75,-50.861243,-0.291838,4,1,-1.00,9.108774,11.451207,5.401251,3.408385,0.972414
63,84,-53.7881,0.401195,4,1,-1.00,3.800047,7.315706,5.964239,2.017806,0.293908
53,66,-61.731109,-3.30261,4,1,-1.00,17.895583,11.037144,7.466159,5.271819,1.254697
44,47,-56.672287,-5.574811,4,1,-1.00,6.609284,4.776867,2.812839,1.659994,0.377968
34,41,-53.80939,-1.078841,4,1,-1.00,2.300233,4.372257,2.116027,1.062371,0.162743
47,40,-79.083516,-7.040217,4,1,-1.00,2.950544,6.243064,5.649144,2.983331,0.423698
63,44,-57.156626,-0.267318,4,1,-1.00,1.318502,3.431835,2.910606,1.6564,0.181129
66,61,-70.935847,-0.271524,3,1,-1.00,3.05771,13.565055,9.948015,2.021582,0.573576
77,64,-41.818899,-1.033777,2,1,-1.00,3.361408,3.733476,2.548423,1.216662,0.254796
61,64,-44.699137,-3.532433,3,1,-1.00,12.604562,10.684196,5.361205,5.194673,1.266277
51,69,-51.969489,-2.77872,4,1,-1.00,2.784925,4.769379,3.273174,2.000956,0.753195
61,66,-66.160968,-6.930161,4,1,-1.00,1.706257,2.179122,2.147892,1.112747,0.152446
48,69,-68.072671,-1.116148,4,1,-1.00,7.146242,7.752636,3.675976,2.787864,0.221492
54,64,-55.773315,-1.733135,4,1,-1.00,0.816087,3.949846,3.372348,1.222517,0.178913
50,69,-50.164675,-1.515899,3,1,-1.00,3.741101,6.850691,5.468681,2.285762,0.339715
47,63,-46.452404,-2.43276,4,1,-1.00,2.012661,4.937699,4.457863,1.107896,0.243648
60,66,-50.027577,-2.16619,3,1,-1.00,2.825276,4.099313,2.574038,0.758469,0.123843
50,74,-44.767518,-1.897256,4,1,-1.00,7.173546,4.63458,1.953233,1.153229,0.177767
67,70,-43.032121,-1.276216,2,1,-1.00,6.547009,5.654898,2.641253,1.725802,0.386476
67,80,-50.285004,-1.247644,3,1,-1.00,5.383028,2.640568,2.931201,2.034421,0.406565
74,69,-52.71987,-2.894501,4,1,-1.00,6.584442,12.386299,9.543205,6.734837,0.834728
75,70,-44.261212,-1.368661,3,1,-1.00,6.266164,9.407214,6.332457,4.111809,0.52417
47,78,-47.607368,-1.561198,3,1,-1.00,5.207882,3.051003,2.190778,1.453897,0.199438
44,83,-42.2278,-7.722788,4,1,-1.00,4.756228,5.5671,4.38156,1.386777,0.497126
20,96,-34.520897,-1.099012,4,1,-1.00,6.004454,10.267536,5.25752,2.062717,0.379947
20,96,-31.074274,-0.755779,3,1,-1.00,3.464613,5.426389,2.616842,0.978353,0.144393
43,87,-31.072925,-2.518818,4,1,-1.00,3.932761,3.157844,1.045932,1.09148,0.171321
43,74,-36.961861,-0.586875,4,1,-1.00,3.280165,5.617555,3.359405,2.251269,0.35971
56,67,-31.05583,-1.020485,4,1,-1.00,2.026804,3.209347,2.754932,2.388934,0.262638
53,75,-31.215042,-1.052316,4,1,-1.00,3.674868,3.959101,2.468983,1.088296,0.232802
53,81,-40.979602,-0.367918,3,1,-1.00,3.493415,7.114076,6.259385,2.910024,0.323824
50,80,-30.788863,-0.534641,3,1,-1.00,2.821819,4.353732,3.121422,1.273744,0.210627
64,74,-34.927525,-0.473414,4,1,-1.00,3.514221,6.637123,2.848065,2.171072,0.117086
78,75,-44.592876,-2.677458,4,1,-1.00,5.035771,9.7548,5.678437,2.327645,0.473537
75,63,-46.987677,-0.098796,2,1,-1.00,2.387331,2.334845,1.793613,0.974341,0.16757
87,56,-37.169998,-0.098811,4,1,-1.00,2.730899,4.29988,3.45615,2.507475,0.397815
91,48,-57.000069,-0.726956,4,1,-1.00,4.512398,9.349718,5.779565,1.370003,0.321218
87,30,-42.861793,-0.217413,4,1,-1.00,2.285264,4.525067,3.133007,1.159315,0.309483
88,34,-35.605982,-0.090912,4,1,-1.00,5.962062,5.206001,2.523086,1.309823,0.450966
69,53,-42.015787,-1.11195,4,1,-1.00,3.245388,5.554469,3.196248,1.568323,0.163607
64,61,-42.274071,-0.609178,4,1,-1.00,3.857609,6.760003,4.996702,2.139534,0.296749
64,67,-46.009198,-0.240875,4,1,-1.00,2.410687,3.545649,1.766153,0.784975,0.111224
63,64,-51.093284,-0.854576,4,1,-1.00,4.241891,6.1284,4.282453,2.469989,0.207366
70,47,-60.303416,-4.237596,4,1,-1.00,6.496582,4.962861,2.558564,1.570748,0.162662
63,50,-62.802095,-2.34699,3,1,-1.00,5.784346,8.840476,5.879842,2.47676,0.41022
60,47,-64.401558,-2.056155,4,1,-1.00,7.64074,8.452713,3.684562,2.715809,0.453504
53,61,-76.760842,-1.07595,4,1,-1.00,3.095553,3.258965,1.564787,1.013864,0.205985
54,69,-74.041727,-1.099889,4,1,-1.00,3.701429,5.890582,3.631065,2.969251,0.311761
47,67,-62.75443,-4.385385,3,1,-1.00,2.367691,1.8276,0.940706,1.205449,0.139123
40,75,-87.927389,-2.32041,3,1,-1.00,3.696542,3.157552,1.438715,1.86001,0.211764
56,74,-62.047044,-0.643383,4,1,-1.00,4.904178,6.960707,3.0824,1.417029,0.204609
63,78,-57.908246,-1.06761,4,1,-1.00,6.522956,11.040499,8.427141,2.16531,0.456826
75,70,-57.290845,-0.615659,4,1,-1.00,3.094746,3.809848,1.943745,1.658348,0.232133
93,64,-61.31642,-1.000332,3,1,-1.00,5.617629,4.245251,1.831518,1.763845,0.184223
77,74,-72.102482,-1.124896,4,1,-1.00,2.491995,3.087107,1.933292,1.368925,0.11662
78,74,-67.612044,-0.784247,4,1,-1.00,5.825622,4.580304,2.626969,2.531868,0.485278
74,83,-63.114116,-5.685013,4,1,-1.00,2.562593,6.401583,5.273494,3.047302,0.471057
63,100,-62.132605,-1.036246,4,1,-1.00,5.547048,4.043867,1.394353,1.097067,0.240903
77,91,-61.476575,-0.294834,4,1,-1.00,5.694185,6.332286,2.790227,2.281088,0.342226
56,87,-68.620914,-2.516356,4,1,-1.00,7.352624,5.454511,2.084332,0.816903,0.159295
56,78,-62.34774,-0.844433,4,1,-1.00,3.782648,3.798913,2.578491,1.466633,0.30412
64,63,-68.393061,-0.5252,2,1,-1.00,3.693998,5.024317,3.85917,1.875537,0.363151
53,57,-57.869575,-0.824756,3,1,-1.00,2.403047,3.887109,2.620432,0.842244,0.272992
67,70,-54.773223,-1.591561,3,1,-1.00,2.532671,2.906193,1.464191,1.223938,0.133737
70,74,-53.649003,-3.998587,4,1,-1.00,1.770102,3.275047,1.404149,1.239289,0.123819
56,57,-53.434629,-2.163556,4,1,-1.00,8.941981,11.089314,5.427504,2.779287,0.291313
78,60,-61.517551,-2.125855,2,1,-1.00,2.963371,4.406805,3.154721,1.496708,0.324209
74,51,-57.343965,-1.380567,4,1,-1.00,6.38926,7.382432,2.138045,0.988499,0.185371
66,51,-75.965414,-1.325561,4,1,-1.00,4.331276,4.321822,2.393703,1.120888,0.15326
67,67,-61.413759,-0.041173,4,1,-1.00,1.932147,5.619741,4.563454,2.234896,0.218113
40,57,-78.360341,0.124806,4,1,-1.00,4.277918,6.708604,3.321408,0.788022,0.167648
44,57,-84.227626,-2.796118,3,1,-1.00,4.87122,3.675972,1.747799,1.255822,0.297607
50,61,-64.079434,0.46519,3,1,-1.00,6.110085,5.682008,5.156976,2.256129,0.718012
56,61,-70.867967,0.01938,4,1,-1.00,7.543056,6.138597,1.905494,1.379075,0.164208
56,53,-59.017124,0.736573,3,1,-1.00,2.750447,2.094131,1.260921,1.356994,0.125542
50,48,-53.524192,0.222569,2,1,-1.00,1.75311,3.783964,4.455045,1.600818,0.303995
47,44,-89.235778,0.698789,4,1,-1.00,2.707829,3.592406,2.397174,0.988327,0.137945
51,43,-48.82217,1.30281,4,1,-1.00,2.454013,2.964497,1.938687,1.070087,0.107927
66,64,-55.835429,0.256745,4,1,-1.00,8.535541,7.199221,4.458689,4.569306,0.820123
67,77,-63.628152,-0.553217,3,1,-1.00,1.444486,4.583424,4.081696,1.836152,0.424341
75,69,-59.803244,-3.455948,4,1,-1.00,3.680823,3.747933,2.023347,1.318017,0.180657
60,63,-64.514406,0.110732,4,1,-1.00,5.768468,7.496034,3.845079,1.705468,0.300014
57,60,-71.484776,0.248444,4,1,-1.00,3.185077,3.930299,2.05573,2.523931,0.416162
57,53,-75.39047,0.273739,3,1,-1.00,3.351756,5.345698,4.273493,2.838673,0.312132
50,48,-79.99912,0.548769,3,1,-1.00,2.590475,5.1043,3.051441,1.258728,0.239285
53,66,-67.288362,0.479665,3,1,-1.00,2.797142,4.767058,3.192279,1.128429,0.172028
60,70,-75.373997,-5.550225,3,1,-1.00,7.804575,10.131142,4.652185,2.487348,0.554668
64,69,-70.580534,0.157308,3,1,-1.00,7.390159,6.436189,3.06067,1.697503,0.298207
57,78,-68.199149,0.276213,3,1,-1.00,14.995514,13.276219,4.963222,1.790272,0.386828
47,53,-67.738543,-4.36447,2,1,-1.00,10.703724,9.943353,3.813655,3.650289,0.312386
44,56,-67.362943,0.362939,2,1,-1.00,2.657165,3.708954,2.550346,1.676671,0.239378
43,50,-59.225378,-0.025124,1,1,-1.00,4.771395,3.380979,1.579514,1.178175,0.192649
63,40,-61.830664,-1.206846,3,1,-1.00,3.277921,3.119218,1.900383,2.551829,0.45224
69,51,-42.138381,0.561964,1,1,-1.00,2.940675,4.196551,3.764675,1.487823,0.223252
80,40,-45.601795,0.437312,3,1,-1.00,4.440908,7.821702,4.085464,2.563225,1.123498
77,50,-49.809873,-1.144853,4,1,-1.00,4.158717,4.287204,3.140791,1.464909,0.336629
70,66,-47.265938,-0.158613,3,1,-1.00,2.079472,3.581241,3.063995,1.017711,0.250205
83,75,-51.322956,0.147114,2,1,-1.00,1.160956,2.910361,2.839887,1.406208,0.420094
67,80,-55.910263,0.442222,2,1,-1.00,7.327367,5.969964,3.676329,2.864819,0.374031
69,83,-49.127574,-1.139681,4,1,-1.00,3.760411,6.508807,2.458373,0.768399,0.093266
63,81,-51.334303,-0.073014,4,1,-1.00,3.108258,4.886472,3.724829,2.66993,0.432781
48,69,-49.966214,0.582313,4,1,-1.00,1.339224,3.56448,2.806301,0.824102,0.261492
48,77,-49.229728,0.807499,3,1,-1.00,1.741205,3.793857,3.011154,1.569011,0.364155
43,67,-47.039513,-0.801524,4,1,-1.00,1.742781,4.237504,3.513872,2.003093,0.273476
51,61,-57.04753,-5.004184,4,1,-1.00,1.55158,2.680559,2.29071,1.120295,0.269749
63,70,-61.10111,0.378517,4,1,-1.00,3.035953,5.171328,3.034621,1.497879,0.160821
67,61,-46.990203,-0.486515,4,1,-1.00,2.511786,3.625935,2.212191,0.827822,0.108074
70,69,-51.241622,-0.283062,3,1,-1.00,2.739635,2.695148,2.204845,1.765447,0.229573
66,64,-50.222546,-0.089867,3,1,-1.00,1.674065,3.021142,3.242634,1.526015,0.275677
61,66,-49.47816,0.123618,4,1,-1.00,5.459491,6.925864,3.810202,1.049321,0.265515
69,78,-49.527123,-1.221126,4,1,-1.00,1.164695,1.325338,0.930939,1.009851,0.151787
70,78,-46.842028,-0.04416,2,1,-1.00,2.564649,4.885549,2.673106,1.314256,0.318026
74,91,-46.205697,0.267555,3,1,-1.00,5.173852,5.097365,2.617238,1.171157,0.213787
64,83,-49.589718,0.38482,4,1,-1.00,2.155533,4.963434,3.305139,2.16859,0.341313
61,80,-50.882818,-0.095346,2,1,-1.00,10.798326,7.718683,2.392832,1.365129,0.221963
63,66,-47.226825,0.230589,2,1,-1.00,3.594688,3.183757,1.673095,1.503042,0.160059
61,64,-46.67243,-1.743405,2,1,-1.00,1.593061,2.215996,1.360798,1.494372,0.206487
88,74,-84.169941,-3.016434,1,1,-1.00,1.31219,2.542378,1.161244,1.087143,0.192226
75,60,-49.059052,0.066719,3,1,-1.00,3.664361,3.944541,3.031568,3.091178,0.648856
69,69,-46.986116,0.292967,3,1,-1.00,5.537902,7.564535,4.208479,1.131253,0.163771
69,61,-46.456435,-2.16656,2,1,-1.00,3.480121,4.605474,2.992328,1.749466,0.192987
63,61,-48.051395,-0.885615,3,1,-1.00,3.620553,4.008746,2.796406,1.031769,0.180739
87,67,-51.56079,-1.274846,3,1,-1.00,9.950921,9.568706,4.388087,3.02675,0.840811
69,40,-46.31927,0.208618,4,1,-1.00,2.332102,7.816898,5.327595,1.383804,0.297573
63,47,-39.492295,-0.366035,4,1,-1.00,4.570129,4.096578,1.777204,1.386559,0.237805
64,48,-41.808927,-0.625327,4,1,-1.00,1.217042,3.150181,2.936861,1.357056,0.263059
48,37,-41.490095,-0.923973,4,1,-1.00,1.423821,4.338618,2.727553,1.237125,0.261477
80,60,-41.938153,-2.426249,4,1,-1.00,2.146805,3.821056,2.993845,1.189468,0.122796
90,60,-91.441626,-1.037625,4,1,-1.00,2.178773,4.50315,2.892851,2.304984,0.512091
88,56,-81.709361,-0.546055,3,1,-1.00,3.304645,5.507659,3.014364,1.218475,0.189054
90,75,-53.472021,-0.708661,4,1,-1.00,2.578351,3.174461,1.052121,1.28355,0.168703
78,70,-63.304607,-0.782714,4,1,-1.00,2.435463,3.867099,1.603034,0.852444,0.10749
77,66,-65.36267,-3.113452,2,1,-1.00,10.877815,13.034279,5.175787,1.93726,0.303134
77,66,-63.242288,-1.29977,2,1,-1.00,2.524261,4.385017,2.488324,1.532674,0.207313
77,61,-94.424318,-3.102618,1,1,-1.00,3.6537,5.513073,2.088321,1.091878,0.255104
78,63,-61.675082,-2.241114,3,1,-1.00,1.745102,3.337052,2.123177,0.908912,0.157028
75,67,-63.081231,-3.917086,4,1,-1.00,1.994062,2.469071,1.700998,1.185283,0.133942
74,75,-59.090428,-1.458103,3,1,-1.00,2.513649,3.212554,2.327447,1.5279,0.36726
56,70,-56.75387,-6.554638,4,1,-1.00,2.806948,4.13297,3.736107,4.434598,0.640127
38,57,-51.711658,-2.736113,4,1,-1.00,9.126676,11.111263,6.371868,1.895635,0.57537
37,57,-53.1199,-2.070536,3,1,-1.00,4.141656,6.121604,2.527468,1.177257,0.301303
48,54,-51.250829,-2.781972,2,1,-1.00,3.919964,7.387286,5.769298,1.881639,0.504177
56,64,-50.204191,-7.769636,4,1,-1.00,4.392045,4.072259,1.337307,1.069509,0.11252
78,77,-40.584946,-0.958926,2,1,-1.00,1.776505,3.718125,2.395699,0.945761,0.090902
83,77,-43.770726,-1.106691,4,1,-1.00,3.193985,4.336488,2.251687,1.813108,0.449348
63,69,-46.641795,-8.654947,3,1,-1.00,1.936068,3.361294,3.072062,1.967959,0.261984
63,56,-57.00885,-1.089518,4,1,-1.00,4.315803,3.844366,2.196854,1.182467,0.242068
54,66,-90.701775,-1.482385,3,1,-1.00,2.819052,4.504775,3.294696,1.529244,0.206764
53,66,-67.306095,-1.852479,1,1,-1.00,2.78637,3.523039,2.204567,1.368622,0.147341
69,67,-74.214457,-6.770761,4,1,-1.00,5.263147,3.578438,1.262015,1.288272,0.108491
77,74,-54.198845,-2.100077,2,1,-1.00,2.900903,4.104055,2.972896,2.26743,0.328065
70,63,-59.813678,-6.958149,4,1,-1.00,2.468764,2.517063,1.463897,1.01063,0.182912
69,60,-49.559318,-1.705516,2,1,-1.00,3.271789,3.895519,3.1243,2.311666,0.456676
70,51,-49.748123,-1.403909,3,1,-1.00,7.272541,6.786143,2.287171,2.289402,0.147363
56,47,-46.162025,-2.179049,2,1,-1.00,10.135983,8.074621,3.504804,1.293813,0.256801
50,30,-42.939349,-1.72415,3,1,-1.00,10.951579,12.069095,4.829416,4.645479,0.708973
44,24,-50.406957,-0.901216,3,1,-1.00,3.078351,3.328525,1.974233,1.355895,0.171368
44,34,-54.901072,-7.365396,3,1,-1.00,3.872195,6.554614,2.895851,1.302233,0.231916
47,47,-40.970962,-1.086696,3,1,-1.00,3.749089,5.312917,4.436937,2.225307,0.326305
53,56,-57.612502,-2.175398,2,1,-1.00,2.42988,2.106763,1.71368,0.626194,0.166315
64,70,-60.537454,-2.273876,3,1,-1.00,2.449199,1.930428,1.018891,0.584894,0.062538
56,70,-51.820384,-0.546911,3,1,-1.00,1.538821,2.174641,1.150397,0.712991,0.147309
66,66,-60.637102,-5.710845,2,1,-1.00,3.183322,4.301827,2.537614,2.543747,0.358592
67,67,-49.861862,-1.222115,2,1,-1.00,1.68431,5.152157,2.483928,1.045267,0.233018
54,61,-48.176345,-0.460708,3,1,-1.00,1.150944,2.399652,1.832935,1.369388,0.40251
48,66,-51.505691,-0.276686,3,1,-1.00,1.251238,4.271897,3.650329,1.432685,0.208144
57,56,-52.94202,-2.828717,3,1,-1.00,2.718445,2.095267,1.672607,1.1654,0.271234
61,53,-77.719276,-2.304908,4,1,-1.00,3.71665,2.60027,1.39081,1.084084,0.119663
74,56,-49.400275,-1.944671,1,1,-1.00,2.819596,2.964794,1.139708,0.941622,0.167021
74,54,-48.867334,-0.541532,4,1,-1.00,1.552662,1.550216,0.796154,0.439484,0.041634
75,63,-44.370369,-0.686572,2,1,-1.00,2.203978,3.687467,2.971087,1.001161,0.202651
75,67,-45.070412,-1.490838,2,1,-1.00,1.291461,3.263224,1.990452,0.727372,0.091639
67,77,-43.113123,-6.562066,3,1,-1.00,6.032987,5.539942,2.11121,1.40347,0.266407
77,75,-43.447854,-1.252616,2,1,-1.00,2.934965,4.010572,5.134211,4.684255,0.640969
44,54,-44.814675,-0.807518,4,1,-1.00,0.882509,2.020919,2.385547,1.067796,0.291518
44,48,-48.882161,-1.390498,2,1,-1.00,2.754718,2.674835,1.875916,0.815413,0.093746
50,41,-48.221028,-2.440661,3,1,-1.00,5.904502,8.866589,3.820699,2.154607,0.244657
51,35,-50.196896,-3.153318,3,1,-1.00,2.06985,4.627166,2.929427,0.95347,0.253581
70,47,-50.538251,-0.905244,4,1,-1.00,2.665752,3.883245,2.912356,1.043268,0.19219
64,60,-65.338159,-1.184132,4,1,-1.00,3.234577,3.639325,1.629006,1.144771,0.295673
74,56,-49.95847,-0.803094,4,1,-1.00,3.413829,5.277297,4.812321,2.028187,0.340679
60,66,-52.24694,-1.754009,4,1,-1.00,2.567145,3.478503,1.15646,2.495993,0.626618
50,74,-55.941395,-1.022073,4,1,-1.00,3.430418,5.272748,3.811154,2.285291,0.383895
47,67,-53.508617,-1.32803,4,1,-1.00,14.125802,16.329738,5.014787,3.864505,0.738452
27,67,-52.392322,-3.338124,4,1,-1.00,16.053824,17.231632,7.352955,4.637024,1.131761
30,74,-57.661478,-1.057902,4,1,-1.00,7.214645,16.729638,10.173366,2.191297,0.088121
29,67,-55.023523,-2.384299,4,1,-1.00,29.65457,24.636484,9.022121,2.725963,0.528227
21,61,-52.462428,-6.5742,4,1,-1.00,19.05621,15.878979,5.997682,3.396384,0.354424
23,56,-35.413592,0.006888,3,1,-1.00,25.127893,40.405575,19.194358,7.144493,1.387645
17,29,-22.693103,-0.619063,4,1,-1.00,224.468774,212.913885,80.285816,16.875291,6.853709
30,37,-10.21297,0.719329,4,1,-1.00,140.056389,123.964515,41.054745,18.866289,3.599518
44,53,0.696912,1.219987,4,1,-1.00,144.192725,197.874463,62.685946,36.699146,3.517824
37,57,-5.132067,0.782823,4,1,-1.00,35.666698,16.168391,5.849726,4.735257,0.620867
44,81,1.735512,0.186334,3,1,-1.00,6.957843,9.245746,7.263172,1.775899,0.353643
26,84,7.970582,1.056666,4,1,-1.00,18.635804,27.357395,19.874421,16.417726,0.880779
21,84,10.829286,1.353105,4,1,-1.00,3.002717,4.857802,4.200134,3.503894,0.612213
34,87,25.694506,-2.578904,3,1,-1.00,9.164957,9.905848,5.420734,1.010403,0.400184
37,80,33.909577,1.11875,3,1,-1.00,3.997953,4.683656,1.546161,1.786168,0.13396
50,63,42.77512,1.071195,4,1,-1.00,26.270716,16.376832,7.335242,3.612263,0.525822
44,44,53.057438,0.843188,4,1,-1.00,4.822296,4.953799,2.361685,1.436147,0.418129
56,44,54.629934,-5.796326,3,1,-1.00,2.943934,4.0814,3.960645,2.1094,0.378037
53,30,60.633671,1.101346,4,1,-1.00,5.993648,6.475535,2.65496,1.31095,0.32771
48,24,67.65925,0.843916,3,1,-1.00,4.627361,5.24397,2.842586,1.30614,0.150516
75,30,71.786167,-2.804279,1,1,-1.00,1.989531,3.612971,1.877042,1.898894,0.186868
51,26,71.739964,1.482184,4,1,-1.00,57.019008,45.677511,29.934605,15.651786,4.179868
50,21,70.278646,1.445313,4,1,-1.00,252.217863,217.603017,85.279952,25.96369,7.18651
50,38,71.556781,1.093399,4,1,-1.00,133.843161,128.994725,93.621717,31.31362,6.031749
29,38,67.309989,0.401727,4,1,-1.00,130.083023,157.56238,79.655174,35.211718,2.09116
27,41,66.499515,1.11081,4,1,-1.00,112.12553,114.540079,46.375208,23.852573,2.99626
35,75,73.688176,-0.968584,4,1,-1.00,114.375798,232.870366,99.041777,17.124548,2.546094
44,77,77.434137,-1.778297,4,1,-1.00,56.993342,67.821076,32.718091,20.317949,1.595833
44,77,64.39482,1.20858,4,1,-1.00,21.064911,32.265856,15.102492,5.363145,0.805688
48,81,79.44022,0.866132,4,1,-1.00,98.424854,97.447482,53.130232,16.93987,3.499815
35,66,77.928274,0.59206,4,1,-1.00,37.658164,27.568843,13.954923,7.463621,1.308781
30,56,64.563375,-3.000953,3,1,-1.00,3.322808,5.533347,4.392126,2.127811,0.239404
38,50,77.653025,1.403284,4,1,-1.00,13.722006,18.484492,14.261805,10.376579,1.147065
41,48,93.362288,0.034247,4,1,-1.00,21.470837,17.079841,14.372519,11.073595,2.181424
43,44,95.975239,-1.10265,3,1,-1.00,15.353036,21.11664,13.797474,7.644942,1.525268
47,54,96.158202,0.262642,4,1,-1.00,35.708453,37.730811,13.801827,4.933037,0.570508
44,50,92.286235,0.964861,4,1,-1.00,11.149725,16.32972,8.021296,3.089051,0.71394
30,43,100.756353,1.93069,4,1,-1.00,21.933481,14.749462,4.275712,2.952688,0.641111
43,40,99.827807,2.127005,4,1,-1.00,16.165711,23.681641,9.424194,5.394221,1.615714
48,51,104.427858,2.466196,4,1,-1.00,16.692165,11.154999,4.452838,4.101935,1.034732
40,60,103.642832,1.715388,4,1,-1.00,11.42016,8.063386,3.32097,3.690812,0.339885
61,61,102.708702,3.69646,4,1,-1.00,4.987245,3.407317,1.030237,0.656128,0.059669
69,69,100.834739,3.785113,4,1,-1.00,3.161521,5.298285,1.878943,0.783065,0.209169
69,60,98.526629,3.880612,4,1,-1.00,19.24009,33.08793,23.837249,13.276212,4.218217
83,63,99.194304,3.72007,4,1,-1.00,7.216031,11.325282,8.3167,4.604019,0.809573
74,66,101.243425,4.452464,3,1,-1.00,18.812865,18.477073,9.713535,8.745004,1.189534
57,70,99.761144,4.435031,4,1,-1.00,10.13506,17.666108,4.430539,2.35468,0.471796
43,83,104.498868,4.19,3,1,-1.00,5.176178,10.587505,8.613085,4.159132,0.352589
30,66,96.485261,1.87902,3,1,-1.00,4.865105,5.455493,3.331268,1.363968,0.257835
35,70,98.024001,-0.526567,4,1,-1.00,3.353251,2.560138,1.161349,0.807824,0.06829
43,61,98.313826,4.294615,4,1,-1.00,3.732015,3.851937,1.670818,0.959117,0.32064
38,35,108.781856,4.384985,4,1,-1.00,2.708009,3.159636,1.91519,1.248521,0.179135
38,53,112.437222,4.002343,4,1,-1.00,14.303484,13.549178,3.939118,1.860597,0.254852
44,48,110.895366,3.591936,2,1,-1.00,5.500457,6.014748,3.123668,1.671898,0.342797
26,40,119.842537,4.263178,4,1,-1.00,6.656525,5.744634,4.164848,2.478204,0.457365
40,57,120.120929,4.944039,4,1,-1.00,3.731409,4.954728,2.974923,1.283204,0.11456
48,60,119.716403,4.654124,4,1,-1.00,1.531693,3.643456,3.028988,1.901965,0.279444
56,64,112.171418,5.297429,4,1,-1.00,2.240083,3.197296,1.463165,0.631961,0.096915
74,77,119.936168,2.538556,4,1,-1.00,2.57807,5.528711,3.607219,1.397252,0.208695
77,67,120.113709,4.879834,4,1,-1.00,1.757897,2.961806,1.689107,0.884534,0.132643
70,67,103.386419,4.096121,3,1,-1.00,3.698881,4.896612,4.017608,2.687693,0.328272
67,61,65.038017,3.668771,1,1,-1.00,3.061041,3.628906,1.702546,0.968775,0.227196
63,63,96.969127,4.60409,2,1,-1.00,5.016732,9.283222,6.091316,4.502736,0.750538
70,66,60.886158,0.497751,4,1,-1.00,2.809076,2.907115,1.53589,1.377807,0.301647
81,66,71.838587,3.040702,3,1,-1.00,1.605093,2.830842,2.056678,1.276578,0.152704
81,57,93.272361,-0.571997,4,1,-1.00,5.25355,3.879537,1.266476,0.739262,0.10011
78,51,88.08141,4.475884,4,1,-1.00,1.604243,2.261387,1.082738,0.806535,0.15076
69,48,-26.329318,1.849128,4,1,-1.00,1.870151,7.199239,6.848512,5.978864,0.677332
77,38,69.967158,0.783147,4,1,-1.00,2.129526,4.043297,2.43995,1.048694,0.152767
80,50,56.647993,2.302238,4,1,-1.00,3.733524,3.922534,2.586052,1.291451,0.18312
94,56,-43.63873,3.044368,4,1,-1.00,5.358266,5.267741,2.627326,1.307361,0.319722
80,50,38.943218,2.755869,3,1,-1.00,9.869868,6.575023,3.50262,2.175646,0.353154
69,63,36.719876,2.236049,4,1,-1.00,3.899089,3.403708,1.463216,1.226503,0.168229
61,63,34.564923,3.020414,4,1,-1.00,3.804393,4.372752,1.909316,0.95115,0.236573
63,57,25.290509,2.726816,4,1,-1.00,1.623806,3.268815,1.546471,1.384863,0.174709
78,75,23.601273,1.151237,3,1,-1.00,3.241769,2.546803,1.474202,1.812986,0.258085
69,67,21.921331,3.052724,3,1,-1.00,4.722767,5.475591,2.3537,1.117521,0.176732
75,63,22.561867,3.592253,4,1,-1.00,6.301677,6.335882,4.855816,4.560775,0.574552
57,61,23.536722,3.583781,4,1,-1.00,4.791393,6.856108,4.542799,2.256165,0.408624
50,67,22.264702,3.448107,4,1,-1.00,3.288981,4.667548,1.602103,1.164948,0.197955
63,69,10.005549,2.71953,4,1,-1.00,5.394343,5.584709,1.922475,1.498703,0.279778
57,81,-77.621842,-0.76071,4,1,-1.00,2.487549,5.092958,3.521596,1.208034,0.316069
70,91,-238.353987,3.662904,4,1,-1.00,2.045788,2.457515,2.31544,1.890868,0.415956
78,75,-71.546878,-0.439826,3,1,-1.00,1.930288,2.684568,1.14027,0.956129,0.127187
77,74,-184.664052,-0.799673,2,1,-1.00,2.609381,3.779795,2.008456,0.519386,0.168681
75,60,7.920314,3.781447,4,1,-1.00,3.94838,3.896407,3.853653,2.158053,0.456666
67,41,-39.810583,3.612506,3,1,-1.00,2.57044,1.253505,0.897518,0.828017,0.175793
54,47,-138.336211,3.176022,4,1,-1.00,4.192402,4.119302,1.85596,1.145151,0.164716
44,51,-3.233291,3.582387,4,1,-1.00,1.56559,2.741345,3.145973,1.756716,0.314932
41,53,-48.164673,1.660106,4,1,-1.00,7.427759,7.12959,4.786299,3.73087,0.63388
29,64,-24.849256,1.222449,4,1,-1.00,3.598099,4.41554,4.566762,3.829641,0.470048
24,53,-60.578077,1.883636,4,1,-1.00,3.554273,3.575315,2.068466,0.994448,0.230867
34,53,-93.22687,2.795702,4,1,-1.00,1.687932,2.44197,0.645103,0.658587,0.109105
41,54,-56.769404,2.490034,3,1,-1.00,3.265064,2.268135,1.522225,1.165353,0.108673
60,60,-79.332933,1.049178,3,1,-1.00,2.161854,4.349684,3.612,1.491768,0.161786
77,74,-56.357283,-0.91667,2,1,-1.00,2.60609,3.538222,1.872153,1.096926,0.114894
74,69,-30.222993,-1.387211,4,1,-1.00,4.021676,4.284273,1.807654,1.19392,0.118655
75,60,-35.700157,-4.565215,4,1,-1.00,0.904496,2.170352,2.585095,1.836054,0.214129
66,61,-39.183544,-0.017908,3,1,-1.00,3.643407,9.478981,6.62994,3.503136,0.403429
60,63,-43.568169,-2.259063,4,1,-1.00,2.568322,3.074563,0.994783,0.773881,0.106534
53,66,-79.565586,0.441892,4,1,-1.00,2.885635,3.219352,3.398928,1.117594,0.138016
63,78,-35.7575,0.529107,4,1,-1.00,3.130649,6.797888,4.54241,1.605548,0.274755
70,70,-47.42591,-1.5821,2,1,-1.00,7.196129,8.059156,3.66801,1.232608,0.279725
70,81,-48.35146,0.755562,4,1,-1.00,3.312252,5.301002,3.46248,1.21208,0.347208
77,80,-65.63007,0.590574,4,1,-1.00,1.264394,2.212469,1.660893,1.522705,0.143683
61,75,-30.376845,-2.904371,4,1,-1.00,3.70789,5.234458,3.38013,1.015614,0.182857
56,78,-59.563526,0.281269,4,1,-1.00,3.065895,4.189808,1.859509,0.620453,0.123361
77,64,-101.532354,-4.00691,4,1,-1.00,4.41406,6.693423,4.09274,2.126226,0.583359
81,66,-45.577803,0.37833,4,1,-1.00,1.323868,2.005817,1.109226,0.630906,0.114834
83,67,-50.924471,-0.425703,2,1,-1.00,2.958114,2.934198,1.543964,1.161847,0.207005
83,74,-67.237268,0.206394,2,1,-1.00,4.943735,6.904577,2.340196,0.841043,0.085944
66,75,-66.835338,-2.561354,3,1,-1.00,2.717301,1.989457,1.089175,1.412752,0.427253
60,74,-60.020531,-0.108905,4,1,-1.00,2.23108,4.096934,2.940759,0.831902,0.106767
54,75,-56.407844,-1.333621,2,1,-1.00,1.777912,2.347474,1.185715,1.160019,0.249451
48,64,-71.362079,-0.673401,4,1,-1.00,2.503078,6.387389,4.868873,1.930286,0.387833
53,57,-49.621094,-1.336924,3,1,-1.00,5.143337,4.637193,2.530077,0.948286,0.145809
66,54,-55.694874,-2.351598,4,1,-1.00,2.330037,2.890799,1.456308,0.881549,0.220286
63,61,-52.921045,-0.624893,4,1,-1.00,8.040802,4.593082,1.718843,1.126657,0.097036
80,69,-46.041175,-1.286393,2,1,-1.00,3.175355,4.945768,3.673727,1.657956,0.36921
80,83,-49.442804,-4.285496,2,1,-1.00,2.542141,2.576148,2.270212,1.901288,0.217567
78,81,-46.212371,-0.081959,4,1,-1.00,4.837266,4.722705,2.638316,1.194914,0.198575
93,66,-60.559027,-0.96287,4,1,-1.00,8.729811,6.137302,2.170253,3.232514,0.427141
81,54,-54.111452,-3.267544,1,1,-1.00,5.382165,4.99639,1.84884,1.266611,0.47394
66,50,-47.024481,-0.505204,4,1,-1.00,2.634602,3.32258,1.611288,1.435882,0.267617
61,63,-43.981659,-0.879235,4,1,-1.00,4.73844,4.392854,3.028127,0.828051,0.128617
63,70,-44.978628,-0.804788,3,1,-1.00,4.493049,6.83499,4.06731,2.092388,0.261379
57,84,-48.348556,-5.740842,1,1,-1.00,2.694616,3.838105,1.923275,0.987161,0.268072
67,81,-47.525134,-0.329515,3,1,-1.00,2.195696,2.993713,2.795837,1.711295,0.250655
64,80,-44.222821,-0.72758,4,1,-1.00,2.057739,4.43445,2.220944,1.183793,0.096484
54,70,-46.824043,-0.481707,4,1,-1.00,3.951911,4.347928,2.91095,1.238001,0.269775
67,67,-47.106297,-0.112561,4,1,-1.00,3.148185,5.818055,3.821532,0.941668,0.070423
83,64,-48.125992,-0.49302,4,1,-1.00,1.689783,2.85554,2.315693,0.870318,0.13936
91,64,-47.965095,-1.380012,4,1,-1.00,9.117711,8.845635,6.392523,2.252204,0.367579
83,67,-51.744619,0.026133,3,1,-1.00,3.526803,4.13801,2.061072,1.503871,0.18617
80,63,-66.572912,0.257927,4,1,-1.00,2.917764,4.786932,3.400367,1.031341,0.189308
67,78,-44.717747,-1.151229,4,1,-1.00,6.54934,5.576783,5.549538,3.418198,0.7039
69,80,-44.558707,-0.15819,3,1,-1.00,2.98672,3.690649,1.875711,0.736924,0.11663
70,93,-42.164623,0.119621,3,1,-1.00,4.957619,4.1675,3.536607,2.745047,0.233404
67,78,-39.640815,-1.214239,4,1,-1.00,3.072578,2.747284,1.732297,1.342318,0.222831
63,69,-44.222824,0.342778,4,1,-1.00,5.333359,8.049951,4.10198,1.203232,0.180352
57,51,-37.502857,0.347801,4,1,-1.00,3.561175,7.123275,4.735149,1.282023,0.199924
63,47,-38.905071,1.141201,4,1,-1.00,3.567133,5.912753,3.973538,1.168704,0.148452
70,66,-35.085158,0.717711,4,1,-1.00,3.61527,3.516764,2.001367,0.623638,0.249969
78,64,-36.24714,-1.45777,2,1,-1.00,10.639318,8.492483,3.930744,2.433746,0.286495
75,69,-42.070614,-0.327504,4,1,-1.00,7.312952,9.176433,5.890435,2.279335,0.427526
69,60,-44.540781,0.328812,4,1,-1.00,6.998994,6.119414,2.359301,0.996227,0.188295
69,64,-43.274418,0.795784,2,1,-1.00,3.522703,3.687382,3.199064,1.388729,0.313108
63,61,-40.394547,0.778729,4,1,-1.00,1.911749,3.061169,2.261517,1.105918,0.15225
61,66,-83.372955,-6.131922,4,1,-1.00,5.357671,9.774389,4.906534,1.816029,0.297551
75,77,-61.908442,-2.390453,4,1,-1.00,2.649694,5.608425,4.679071,2.392368,0.275269
74,70,-44.731137,0.349658,3,1,-1.00,1.894474,5.507068,4.509165,1.491019,0.335044
81,80,-53.23161,0.394533,4,1,-1.00,4.517168,5.358314,2.050432,1.237366,0.165244
88,75,-45.344679,0.188307,4,1,-1.00,8.894221,6.865094,2.848023,1.785626,0.144099
83,78,-51.284845,0.141972,4,1,-1.00,9.131546,10.992334,4.528944,2.031506,0.288614
78,64,-48.078515,0.067568,4,1,-1.00,8.231547,7.167526,3.089461,1.224589,0.296162
70,56,-44.656485,0.031095,3,1,-1.00,2.314707,3.313601,1.774182,1.299837,0.30309
70,64,-42.263474,0.112523,3,1,-1.00,3.439095,5.057005,3.729124,2.12267,0.337999
64,53,-48.973629,-3.564176,2,1,-1.00,1.906389,2.697585,2.178967,1.39749,0.143821
61,60,-37.441179,0.198848,3,1,-1.00,1.385383,2.980456,2.543159,0.670668,0.159975
56,70,-39.428971,0.321517,3,1,-1.00,1.354598,1.449456,1.223361,1.019646,0.059343
53,66,-39.272124,0.455811,1,1,-1.00,5.046956,5.438856,3.232463,1.946621,0.307604
44,69,-47.051118,0.62624,4,1,-1.00,2.708989,4.182292,2.541035,1.350878,0.222852
48,67,-43.182127,0.130083,3,1,-1.00,3.162511,5.589711,2.881192,1.429505,0.164785
54,67,-44.99654,0.772854,4,1,-1.00,2.148816,4.970217,3.265559,1.547763,0.236187
48,66,-40.547406,-0.077525,3,1,-1.00,5.141694,8.536759,4.444687,2.732283,0.749937
64,69,-43.03637,0.389277,4,1,-1.00,5.00892,6.438974,5.69568,4.350924,0.878113
66,80,-42.884819,0.126142,4,1,-1.00,7.547873,16.284886,7.828228,3.335536,0.302983
64,78,-42.362529,0.013699,4,1,-1.00,11.461242,5.933082,2.143095,2.533242,0.288003
70,83,-41.505245,-1.409164,4,1,-1.00,12.422699,10.267153,4.250342,2.169002,0.328068
57,66,-41.306806,-1.24041,3,1,-1.00,1.919069,3.503904,1.60461,1.463974,0.184737
56,69,-58.888361,-0.223478,3,1,-1.00,2.075723,2.671755,3.934798,2.527788,0.368003
57,56,-53.376789,-0.392909,4,1,-1.00,8.419446,5.76039,1.283479,2.52378,0.423295
53,53,-53.096233,0.791627,3,1,-1.00,5.766279,4.761524,3.566646,2.44034,0.44898
74,67,-54.202024,-2.617746,3,1,-1.00,3.964783,2.721826,1.079673,1.132827,0.093441
75,66,-55.356572,0.043264,4,1,-1.00,2.093507,2.204168,1.330371,1.237711,0.159586
84,77,-55.976491,0.487589,4,1,-1.00,2.412414,2.70938,3.326635,2.950651,0.569227
93,78,-64.156233,0.713621,4,1,-1.00,2.384018,3.48548,2.434636,1.089371,0.085087
83,81,-53.602681,-1.24913,4,1,-1.00,6.154381,6.825258,2.952752,1.502666,0.172511
84,75,-57.973898,-0.500169,4,1,-1.00,0.839419,2.236104,1.566483,1.825288,0.177776
67,80,-52.901562,0.224186,4,1,-1.00,2.34944,3.262115,3.213064,2.220929,0.234388
61,64,-53.362147,0.593845,4,1,-1.00,3.368115,5.059027,2.456511,1.021841,0.161807
66,70,-52.937884,-4.845958,4,1,-1.00,1.079969,2.161266,1.616527,1.279532,0.204972
61,77,-54.56165,-2.354706,2,1,-1.00,10.098399,10.446573,4.351298,2.035433,0.507
75,66,-50.470011,0.464175,1,1,-1.00,4.86014,6.658092,4.633885,1.321818,0.283691
80,80,-53.173587,-0.051989,4,1,-1.00,5.28444,6.56205,2.525798,1.387961,0.232599
67,80,-92.139347,-1.641571,4,1,-1.00,6.09161,2.960838,1.883778,0.758131,0.175705
74,77,-53.517795,0.246059,3,1,-1.00,1.235834,3.781019,3.514723,1.434578,0.216493
69,75,-54.903075,0.145858,2,1,-1.00,4.879181,5.267128,2.804361,2.052111,0.395641
66,75,-68.196338,-0.642881,2,1,-1.00,7.290447,4.476022,2.655461,1.029602,0.112774
74,66,-49.751967,-0.578367,2,1,-1.00,3.423773,3.179383,1.561642,1.45195,0.233159
83,56,-53.403654,-0.670627,2,1,-1.00,2.143603,1.643713,1.281958,1.43379,0.153771
91,57,-95.986596,0.118139,2,1,-1.00,2.394674,3.538219,3.351461,2.593656,0.203236
90,51,-88.928043,-2.355442,3,1,-1.00,3.447107,2.126217,1.633626,1.010232,0.182231
88,47,-63.663851,-0.166795,2,1,-1.00,4.008549,3.39745,2.692181,1.407567,0.333471
74,57,-73.300698,-0.491132,2,1,-1.00,6.073642,4.57076,1.940702,1.138363,0.220866
64,53,-61.412988,-0.425228,2,1,-1.00,1.964644,2.777872,3.37873,1.951606,0.323663
63,56,-84.86125,-2.006214,4,1,-1.00,3.628283,5.693211,4.651655,1.482511,0.251037
60,61,-72.341866,-1.004732,4,1,-1.00,8.739167,15.233685,8.886476,5.474437,0.698515
66,51,-65.464085,-1.914173,2,1,-1.00,2.619611,6.040863,3.170108,1.106597,0.192847
77,57,-73.398749,-4.108868,2,1,-1.00,6.309839,7.709347,4.474296,3.125113,0.334389
87,57,-62.962427,-1.104615,4,1,-1.00,3.334072,3.43971,2.162867,1.644082,0.136437
81,60,-56.396624,-1.144919,4,1,-1.00,1.773051,2.326005,1.584969,0.727269,0.112526
75,81,-58.902894,-7.286914,4,1,-1.00,1.879525,2.491754,2.363587,0.944271,0.209627
64,69,-52.978672,-1.152677,4,1,-1.00,2.684483,3.717253,3.101034,2.183963,0.401622
57,61,-73.872102,-0.13652,4,1,-1.00,2.04164,2.071588,1.961745,1.529772,0.275379
57,50,-69.823678,-2.231047,4,1,-1.00,3.353057,4.014425,2.903717,1.733458,0.353586
63,40,-55.695042,-0.840863,2,1,-1.00,3.186701,3.892907,2.184305,1.04302,0.189002
56,53,-54.990479,-0.098776,2,1,-1.00,12.061188,8.894717,4.082798,2.192355,0.411002
43,53,-49.653582,-2.644304,2,1,-1.00,6.274166,5.676279,2.398991,1.180096,0.283146
50,63,-55.10296,-3.533153,2,1,-1.00,3.527443,7.136534,3.840794,1.256729,0.48768
41,57,-49.227586,-0.265876,2,1,-1.00,4.079955,6.063922,2.956539,1.507444,0.166552
47,63,-56.865425,-2.848834,4,1,-1.00,4.816995,7.688768,3.71068,2.715279,0.188051
60,66,-62.476702,-8.04952,4,1,-1.00,6.630337,10.052161,4.529621,2.012097,0.551262
51,53,-79.781235,-1.067167,4,1,-1.00,2.585381,5.161709,4.178028,3.060545,0.691769
47,38,-57.318152,-1.349542,4,1,-1.00,3.70187,4.484878,1.688752,2.002202,0.264516
54,34,-54.019098,-1.617738,4,1,-1.00,2.852792,4.00109,2.139144,2.898511,0.509981
41,29,-50.994632,-1.168462,2,1,-1.00,5.74693,4.765399,2.623687,3.502456,0.42659
48,40,-67.102432,-2.926102,4,1,-1.00,6.081657,6.099649,2.158828,0.797289,0.271967
56,56,-56.249505,-0.977531,2,1,-1.00,4.378057,7.600258,4.24426,1.920095,0.327807
41,51,-52.156485,-3.610571,3,1,-1.00,2.42846,2.781845,2.072238,1.149454,0.172133
63,66,-47.23671,-0.897338,3,1,-1.00,4.121709,3.834493,1.836981,0.980934,0.206964
74,66,-49.339976,-0.931651,4,1,-1.00,6.009934,6.181069,4.175533,2.184513,0.459914
80,64,-47.833628,-0.866364,4,1,-1.00,3.464203,10.189571,6.952133,2.333226,0.406639
78,67,-51.397598,-1.862805,3,1,-1.00,4.862995,3.542507,1.674993,0.674753,0.15976
87,61,-51.456968,-10.09854,2,1,-1.00,4.262981,3.775466,2.463584,1.564361,0.154117
88,57,-66.586837,-6.020446,3,1,-1.00,1.82344,2.613074,2.118999,1.618696,0.196069
78,51,-63.272513,-2.017911,1,1,-1.00,3.047549,5.192104,3.361004,1.916422,0.686627
74,53,-56.049543,-2.797343,3,1,-1.00,3.745092,3.014231,2.10125,1.63512,0.252176
53,41,-60.923664,-1.61696,2,1,-1.00,3.441073,4.251981,2.383777,0.729317,0.177029
50,41,-65.503203,-4.522109,2,1,-1.00,7.864326,6.538722,4.440691,3.039907,0.475874
53,40,-43.42551,-1.633487,4,1,-1.00,4.573476,2.732832,1.005635,0.767049,0.118134
60,41,-46.988388,-2.673321,2,1,-1.00,3.753053,4.501707,3.443947,0.960368,0.151991
63,57,-46.170456,-2.09007,3,1,-1.00,2.485588,2.758133,2.244224,1.226306,0.1607
54,61,-47.660425,-1.766027,3,1,-1.00,5.516944,9.730562,7.605137,2.749826,0.28656
57,77,-45.013769,-3.258824,2,1,-1.00,2.827591,4.275176,2.316995,0.840147,0.211092
67,78,-44.750267,-1.815346,2,1,-1.00,2.246441,7.842772,5.676779,1.936814,0.654174
66,70,-42.893024,-2.197406,4,1,-1.00,4.84497,8.222467,5.497612,1.782033,0.378512
60,80,-46.47738,-3.02028,4,1,-1.00,3.322084,5.510192,2.81174,1.079767,0.175313
54,88,-51.73527,-7.525568,4,1,-1.00,5.881533,5.726907,3.098036,1.625231,0.254847
56,91,-50.756027,-4.286612,4,1,-1.00,1.855137,3.837689,1.835941,1.27058,0.1647
66,90,-49.345938,-2.091862,4,1,-1.00,6.895125,6.897867,4.037966,3.160508,0.382322
75,88,-52.429905,-3.177463,4,1,-1.00,2.299665,5.367249,3.760836,2.41656,0.356697
83,75,-56.829763,-2.015421,4,1,-1.00,5.366498,4.388497,1.743925,1.301005,0.665765
64,69,-59.387389,-1.85645,4,1,-1.00,5.564131,9.502521,8.987702,4.13304,0.803957
41,64,-63.743774,-1.598149,4,1,-1.00,7.83246,8.119003,3.630718,1.896117,0.435717
38,48,-67.150003,-1.262462,3,1,-1.00,3.973747,4.470653,2.567768,1.86901,0.577725
27,51,-74.880847,-4.798083,2,1,-1.00,5.559491,4.907562,1.892093,1.018149,0.135496
44,43,-52.187085,-1.700502,3,1,-1.00,9.066664,5.63801,2.69268,2.535288,0.331284
67,53,-54.579307,-1.618536,2,1,-1.00,3.634846,3.318485,1.273924,1.121394,0.180764
70,60,-52.430238,-1.739066,3,1,-1.00,4.930982,6.321752,2.964492,1.674084,0.167104
77,57,-61.601224,-2.073283,2,1,-1.00,1.614443,2.485459,1.257543,1.091502,0.170312
74,61,-60.457716,-1.771329,4,1,-1.00,9.887149,12.021041,6.372579,2.413757,0.654637
64,67,-50.001234,-1.48186,3,1,-1.00,3.327187,2.554354,2.393578,1.073239,0.235803
63,84,-69.425251,-1.968578,2,1,-1.00,1.16758,4.025006,2.431453,0.995455,0.181782
56,84,-60.995626,-2.565321,2,1,-1.00,2.859822,3.706006,2.109421,1.120959,0.214723
56,78,-67.208142,-1.884333,2,1,-1.00,3.535754,4.917428,2.561994,2.406432,0.265733
53,48,-56.792121,-1.431687,2,1,-1.00,3.410672,3.966684,2.522594,0.878783,0.145075
60,38,-55.835612,-1.042751,2,1,-1.00,3.572006,3.484896,2.057304,0.803616,0.124997
63,41,-69.59566,-4.569063,2,1,-1.00,1.604655,3.269002,2.844438,1.459598,0.245335
54,60,-65.486731,-1.339275,3,1,-1.00,6.045179,9.229683,7.015978,3.040315,0.554281
64,70,-67.059139,-2.213585,4,1,-1.00,4.932731,9.195271,3.63732,2.356774,0.286738
41,64,-76.758207,-1.115483,4,1,-1.00,1.975199,2.839143,2.335468,1.506778,0.098489
54,64,-92.353792,-5.429022,4,1,-1.00,5.315153,5.343617,2.160137,0.900834,0.178113
51,50,-72.700964,-1.447803,4,1,-1.00,1.648839,2.206711,1.131564,0.641976,0.09485
51,63,-76.734765,-2.803386,2,1,-1.00,1.758502,4.437905,2.759856,1.404014,0.15285
67,75,-76.655467,-1.858612,3,1,-1.00,3.403657,5.643407,3.669491,2.022211,0.488966
50,64,-81.623344,-3.114546,3,1,-1.00,2.700117,2.861589,2.6003,1.34202,0.285106
47,81,-100.704923,-0.653199,3,1,-1.00,1.32617,2.794782,1.55143,0.886462,0.186778
47,81,-85.533872,-1.315769,4,1,-1.00,10.499039,10.49178,2.817241,1.359642,0.376689
56,75,-89.562336,-0.61555,3,1,-1.00,4.229281,7.728867,5.617932,1.765399,0.498124
70,69,-84.490904,-0.710411,3,1,-1.00,3.833162,3.11302,1.745773,1.151616,0.287119
69,54,-81.172109,-4.750819,3,1,-1.00,2.060247,2.848604,1.69201,1.222339,0.214232
64,60,-85.771836,-0.8138,3,1,-1.00,4.201629,7.719091,4.699216,0.944768,0.295677
56,66,-84.541889,-1.280493,1,1,-1.00,1.830089,4.419145,2.82544,1.247308,0.273337
60,69,-83.073928,-1.002403,2,1,-1.00,7.93221,5.76394,2.059176,1.804979,0.256715
74,84,-77.675002,-0.809966,3,1,-1.00,3.332881,3.644762,2.94578,1.612593,0.378598
66,69,-84.560055,-1.088821,3,1,-1.00,3.594498,4.148032,2.222358,1.241392,0.191733
61,61,-82.698929,-3.032864,4,1,-1.00,1.989884,2.908462,2.690048,1.705934,0.311196
53,74,-81.292909,-1.749952,4,1,-1.00,3.294968,4.889211,3.398073,1.882196,0.363922
48,67,-80.914849,-1.895081,4,1,-1.00,3.634923,5.212923,3.209471,0.932476,0.333788
56,64,-88.102112,-1.251255,3,1,-1.00,3.888664,4.772163,4.283116,2.80447,0.300866
60,66,-78.265053,-6.134179,4,1,-1.00,3.754163,4.989859,2.686405,1.256953,0.176292
64,56,-75.166524,-2.065455,4,1,-1.00,5.095092,5.64581,1.805533,0.855457,0.104971
70,53,-74.812505,-2.569197,4,1,-1.00,1.019187,2.003448,1.656333,0.97984,0.256838
75,57,-90.89253,-1.737007,4,1,-1.00,7.903971,7.9522,2.901841,3.430547,0.29697
60,54,-69.755995,-1.328449,4,1,-1.00,5.744241,9.949169,6.133974,1.945409,0.296215
63,54,-69.530277,-1.268511,4,1,-1.00,8.064241,5.776711,1.891367,1.142534,0.171493
57,54,-69.576004,-1.112296,4,1,-1.00,4.387621,5.374552,2.58641,0.99811,0.197525
63,51,-66.794913,-5.917459,3,1,-1.00,1.615973,4.005564,3.160019,1.354962,0.120591
91,61,-65.450046,-1.345357,3,1,-1.00,3.762773,5.694113,2.597076,1.21548,0.219484
75,56,-69.011642,-1.240232,3,1,-1.00,5.495558,4.553021,2.823016,1.676437,0.260244
75,60,-66.94028,-1.372302,4,1,-1.00,2.353641,5.50256,5.021518,3.36503,0.540411
66,67,-75.039104,-0.693355,4,1,-1.00,4.367572,4.580394,3.08405,1.639247,0.367525
51,77,-67.465414,-1.460687,4,1,-1.00,5.80018,4.79751,2.861488,1.267319,0.400383
80,78,-69.09851,-1.189731,4,1,-1.00,2.656424,5.267854,3.339346,2.503419,0.380231
70,70,-66.819603,-1.739764,4,1,-1.00,6.318412,5.328566,2.276368,1.484998,0.305644
75,66,-74.411199,-1.35028,4,1,-1.00,6.896646,6.331072,3.863739,2.2949,0.358105
75,44,-69.535017,-1.537478,4,1,-1.00,8.221867,7.235553,2.380521,1.923416,0.437285
44,34,-65.497454,-1.185713,3,1,-1.00,7.05342,11.59028,4.761429,1.084464,0.20005
41,11,-64.31116,-5.744072,3,1,-1.00,5.677831,6.054109,3.144639,1.696909,0.219727
35,26,-74.056598,-5.00641,4,1,-1.00,3.293323,5.474749,4.191047,2.035725,0.225175
30,24,-54.575751,-2.597658,4,1,-1.00,4.924225,8.377815,4.980518,2.409366,0.21677
41,40,-56.830194,-4.372834,4,1,-1.00,3.976523,2.545543,1.200931,1.072415,0.190449
57,61,-66.314375,-2.970679,4,1,-1.00,6.203841,5.410737,2.666483,1.323481,0.161396
70,48,-62.35104,-2.035862,3,1,-1.00,11.301042,8.411604,3.506478,3.017554,0.425049
66,54,-61.678276,-3.127917,3,1,-1.00,14.340464,14.428418,7.514278,2.398698,0.162835
74,51,-56.048027,-2.28243,3,1,-1.00,5.063349,7.690838,2.799019,0.874172,0.280643
77,47,-56.377317,-3.06006,2,1,-1.00,15.192092,8.113276,2.550402,1.180206,0.197909
87,38,-49.995004,-2.149321,2,1,-1.00,1.643245,4.689909,4.57274,2.112748,0.256551
90,44,-57.013471,-1.921259,3,1,-1.00,5.920079,5.435438,2.732533,1.439896,0.180252
77,41,-34.007797,-7.097166,3,1,-1.00,3.201383,4.625591,2.202019,1.53692,0.214714
57,53,-45.561044,-2.027223,4,1,-1.00,2.572756,6.866967,4.010809,1.163453,0.172596
35,56,-45.802762,-2.66944,2,1,-1.00,3.146076,8.284704,2.737819,1.25971,0.267163
37,44,-28.830686,-1.729922,3,1,-1.00,5.29236,4.289774,2.503162,1.148559,0.236923
43,56,-37.982899,-5.606251,4,1,-1.00,2.613673,3.401026,1.588682,1.010813,0.159803
57,37,-29.573138,-2.040148,4,1,-1.00,1.62876,6.224409,4.525679,1.314377,0.211833
66,37,-30.458897,-1.995066,4,1,-1.00,4.025233,5.739782,3.192129,2.145128,0.286252
67,48,-39.917638,-1.447099,4,1,-1.00,11.744708,4.579355,2.34499,2.222493,0.211653
57,51,-25.219782,-1.554045,3,1,-1.00,9.030721,6.454904,2.892677,2.27556,0.466628
56,54,-30.856903,-4.047271,4,1,-1.00,2.953242,4.366523,1.989023,0.727232,0.121233
54,60,-26.961546,-1.60429,4,1,-1.00,4.089554,8.755809,5.628971,1.861079,0.256217
47,63,-23.273846,-1.4017,4,1,-1.00,3.03079,4.384168,2.669715,0.853712,0.093921
66,54,-22.583127,-1.798016,4,1,-1.00,2.680138,3.60294,1.727238,1.335342,0.276953
61,53,-18.328477,-1.472162,4,1,-1.00,2.391992,5.493627,3.311601,1.282789,0.29969
48,57,-14.479939,-1.878685,4,1,-1.00,4.675238,5.74878,2.955281,1.18149,0.311957
50,47,-15.751945,-2.188266,4,1,-1.00,4.505261,4.227086,1.708489,1.133768,0.165859
40,51,-14.547386,-2.167354,4,1,-1.00,2.40012,3.31201,2.408774,1.755185,0.079286
44,69,-12.001536,-2.20627,4,1,-1.00,5.28728,6.898836,3.270943,1.469789,0.140145
66,53,-14.449809,-4.852486,4,1,-1.00,4.978574,7.042505,4.700199,2.977149,0.350567
78,41,-15.043431,-1.998128,4,1,-1.00,2.516485,6.225961,4.255289,1.414558,0.22803
81,40,-29.114735,-1.503089,4,1,-1.00,2.838485,3.441078,1.612609,0.559125,0.096904
78,26,-19.631285,-2.814567,4,1,-1.00,4.627755,4.34544,2.226903,0.934251,0.159941
78,30,-12.9377,-1.362058,3,1,-1.00,4.705076,9.105328,4.356772,1.764036,0.340285
67,35,-16.952681,-1.388114,4,1,-1.00,1.868144,3.756949,3.072207,1.758262,0.455383
60,35,-33.708927,-2.309643,3,1,-1.00,2.990668,4.65813,3.180919,1.539038,0.197898
50,50,-21.550646,-5.145544,3,1,-1.00,2.555282,2.372103,2.381448,1.28102,0.1161
41,57,-24.492155,-1.615413,3,1,-1.00,3.160165,4.830857,2.779022,1.34075,0.276778
50,77,-20.423016,-3.432047,2,1,-1.00,5.557765,4.634631,2.215071,1.42306,0.229034
53,78,-17.501243,-3.443842,3,1,-1.00,5.894415,9.400494,4.81821,1.547639,0.348072
54,56,-21.197575,-0.914888,3,1,-1.00,2.283815,2.873509,1.880818,0.715516,0.133384
41,57,-22.237896,-1.142028,3,1,-1.00,10.140548,7.527724,4.875966,2.065143,0.539716
16,35,-23.050927,-1.269635,3,1,-1.00,1.646468,4.09351,2.715232,0.767811,0.087503
20,34,-25.653194,-1.986771,3,1,-1.00,2.912006,3.897627,3.853099,1.933782,0.321503
24,47,-24.759062,-5.318347,3,1,-1.00,6.644868,4.524793,2.609373,2.901481,0.550287
35,47,-28.274672,-8.43657,3,1,-1.00,3.225511,3.350846,1.848535,1.25598,0.11316
54,63,-23.92745,-0.771866,4,1,-1.00,3.226027,2.816707,1.110419,1.081865,0.095307
54,63,-20.327877,-1.495648,2,1,-1.00,3.254241,3.633364,2.126194,0.902017,0.141377
51,61,-22.59269,-1.376251,3,1,-1.00,1.322933,2.873708,2.151512,0.636532,0.108278
56,64,-21.381032,-0.733628,3,1,-1.00,2.823491,5.709529,2.650805,1.656038,0.286333
50,66,-23.393385,-0.745081,4,1,-1.00,5.437294,3.385765,1.57275,0.834022,0.074787
64,60,-20.31804,-2.140134,2,1,-1.00,2.799557,5.80226,3.810125,2.329102,0.348196
61,53,-21.615941,-0.744055,2,1,-1.00,6.07562,7.925352,3.151509,1.279443,0.180714
67,51,-40.688396,-0.527441,4,1,-1.00,5.745623,5.472883,2.420298,1.056269,0.236959
80,53,-22.967975,-6.777551,2,1,-1.00,3.463559,4.546533,2.065061,0.88433,0.154646
70,57,-29.063431,-0.414929,3,1,-1.00,3.016168,5.599013,3.896497,1.440094,0.151609
69,63,-19.706117,-0.131902,2,1,-1.00,4.666611,3.508178,1.485773,0.937816,0.176992
57,63,-23.310096,-3.455807,3,1,-1.00,4.782029,7.973515,5.819107,2.915519,0.387858
41,53,-24.525584,-3.289777,4,1,-1.00,7.801572,7.445634,4.830427,2.225179,0.453533
29,50,-23.81741,-0.737057,4,1,-1.00,1.254317,3.059467,1.748869,0.889122,0.182301
34,50,-37.17679,-2.204519,4,1,-1.00,2.496508,3.162852,1.755131,0.965234,0.2341
47,44,-62.868007,-4.45353,4,1,-1.00,5.449231,6.540269,2.984193,1.521094,0.254395
57,63,-48.47212,-0.16238,3,1,-1.00,5.173829,10.938118,7.793938,2.974086,0.328491
60,70,-41.890208,-1.092513,3,1,-1.00,3.455285,5.215492,2.711884,1.096338,0.179096
57,69,-42.293426,-3.533661,4,1,-1.00,0.703827,1.635209,1.450754,1.294619,0.214536
50,69,-47.879282,-4.147643,4,1,-1.00,4.626614,7.350636,3.058553,1.390844,0.233255
60,63,-55.77926,-4.828871,3,1,-1.00,6.768776,6.36035,4.377564,3.229978,0.528401
56,51,-70.954547,-0.591531,2,1,-1.00,4.438111,4.026779,2.284863,0.98153,0.220952
53,56,-59.84127,-3.06599,4,1,-1.00,4.993581,4.383133,1.905584,1.257021,0.213462
57,57,-65.236358,-0.869781,2,1,-1.00,2.181573,3.016641,2.616071,1.505816,0.232231
57,57,-65.798794,-0.848645,3,1,-1.00,3.504818,3.149249,2.114599,1.336427,0.169911
66,64,-62.502342,-0.834182,4,1,-1.00,2.874522,4.982504,3.655789,1.830273,0.212246
77,67,-77.692428,-3.073422,1,1,-1.00,4.833745,7.036719,3.105604,1.569376,0.231195
74,60,-64.806591,-0.943146,4,1,-1.00,7.831284,10.764098,5.652091,3.769213,0.858641
61,44,-66.349073,-2.076639,4,1,-1.00,2.358493,4.094164,1.99308,1.390161,0.272398
64,48,-60.232817,-1.156626,4,1,-1.00,3.453231,4.064512,1.816197,1.585006,0.239868
64,48,-62.568222,-4.82519,4,1,-1.00,3.483856,4.494728,2.538827,1.146803,0.102917
64,61,-66.620166,-1.207654,3,1,-1.00,4.475082,8.785888,5.866358,2.08994,0.32338
70,64,-62.821493,-0.899575,4,1,-1.00,3.064309,2.907565,2.13987,1.219245,0.144008
70,69,-68.305972,-1.709428,3,1,-1.00,2.849893,3.22273,1.987768,1.50118,0.247807
61,57,-74.27943,-0.704975,3,1,-1.00,2.974535,3.518625,1.753453,1.128731,0.162968
74,50,-77.727985,-0.836647,2,1,-1.00,5.763067,5.75839,3.31508,2.916611,0.485956
77,54,-80.253123,-1.251454,3,1,-1.00,1.870272,4.55791,2.870912,1.099397,0.183644
70,34,-85.697222,-0.794971,3,1,-1.00,4.935968,5.073793,2.343902,2.303901,0.336038
75,35,-102.01917,-1.193887,4,1,-1.00,9.449355,7.532498,2.137404,1.439137,0.501883
56,54,-93.163131,-1.062146,4,1,-1.00,3.574159,3.623113,1.790259,1.315795,0.191345
47,61,-99.687059,-0.944484,3,1,-1.00,6.350605,5.372957,2.439386,1.211912,0.119462
50,77,-96.040842,-0.896969,4,1,-1.00,1.060436,1.708076,0.828387,0.710227,0.190961
56,80,-98.115877,-5.108204,2,1,-1.00,7.593694,7.826771,1.960676,1.791391,0.256581
66,44,-111.083975,-0.958642,2,1,-1.00,2.997316,4.467713,3.024604,1.119922,0.288179
64,41,-93.594257,-0.677643,4,1,-1.00,4.685969,6.223172,2.887783,1.178732,0.168237
67,48,-101.381577,-0.809765,4,1,-1.00,5.512224,4.808774,2.707899,2.178112,0.405721
63,54,-103.884862,-2.958216,3,1,-1.00,6.52106,3.921683,1.158537,0.899516,0.165998
60,66,-116.00669,-6.090042,4,1,-1.00,4.401395,2.754724,1.229231,0.870933,0.224683
61,61,-107.770227,-0.248247,4,1,-1.00,3.424336,3.896306,2.147972,1.062049,0.146348
60,50,-103.570984,-0.015887,2,1,-1.00,2.315988,4.375993,5.240445,2.437858,0.329368
54,38,-100.232833,0.055003,3,1,-1.00,5.894271,6.889323,2.754381,0.862915,0.117291
63,41,-91.683711,-0.637929,3,1,-1.00,3.828506,3.757207,2.957451,1.726596,0.226481
74,48,-90.045247,0.553968,4,1,-1.00,6.412763,6.5364,2.459499,1.662577,0.212869
78,47,-96.430901,-0.24223,4,1,-1.00,3.828452,6.349987,3.98483,2.00645,0.396884
81,60,-96.190248,-9.790091,4,1,-1.00,4.479333,6.822481,3.126399,1.276846,0.165309
80,63,-113.584393,-0.085444,4,1,-1.00,3.726198,4.029138,1.408585,0.814117,0.123532
87,57,-96.36097,0.516864,3,1,-1.00,2.149715,6.673931,4.245051,2.228106,0.18375
75,69,-133.001598,0.266021,2,1,-1.00,3.970184,3.20219,1.289781,1.155026,0.181774
78,66,-97.599101,-0.558852,4,1,-1.00,3.09909,7.275449,4.690553,2.180708,0.451443
69,75,-89.148957,0.604543,4,1,-1.00,1.676017,2.515909,1.22618,0.693397,0.221324
54,75,-99.6224,0.519569,2,1,-1.00,6.728325,11.264987,6.178699,2.553741,0.57199
51,67,-99.768171,-1.684455,4,1,-1.00,3.03416,3.23546,2.426292,2.420303,0.281153
38,63,-93.672744,-0.227551,4,1,-1.00,2.302361,6.202666,2.972295,0.983013,0.164675
40,56,-87.80656,0.592829,4,1,-1.00,4.978459,8.294353,3.049046,1.492222,0.181261
43,56,-86.424786,0.08996,4,1,-1.00,2.313873,2.34288,1.80373,1.068582,0.16879
48,56,-89.277314,0.180845,3,1,-1.00,2.875802,3.089077,2.231964,1.632499,0.388094
61,66,-100.667398,-0.199013,4,1,-1.00,2.899771,4.833701,2.829944,1.54781,0.204512
70,56,-88.019485,0.447521,4,1,-1.00,2.374246,3.968129,2.999678,1.920597,0.118756
70,63,-91.668884,-1.737254,4,1,-1.00,8.296056,5.468119,1.946261,0.867241,0.218265
80,56,-94.690908,0.842494,3,1,-1.00,2.895707,3.084691,1.675946,1.281633,0.330716
67,43,-109.975459,-2.894655,4,1,-1.00,7.809997,10.313904,4.2903,1.445353,0.336812
63,54,-79.819995,-2.762703,4,1,-1.00,1.047725,2.568965,1.868819,1.002303,0.19975
54,44,-77.043353,1.361014,2,1,-1.00,5.192464,5.063791,3.15945,2.384337,0.239315
51,53,-75.331656,-0.696366,4,1,-1.00,3.065168,3.958153,2.740416,1.725869,0.369838
61,51,-75.389757,1.31011,4,1,-1.00,5.924819,4.637375,3.14262,1.337757,0.166972
67,43,-84.028741,-2.830311,4,1,-1.00,3.578733,4.998872,2.602461,1.123025,0.161293
66,56,-74.060452,-0.24848,4,1,-1.00,5.089594,9.829528,5.13095,1.585358,0.367271
56,57,-71.647986,1.840113,3,1,-1.00,1.674784,2.753148,1.680858,0.918778,0.138245
54,67,-84.281737,1.860071,4,1,-1.00,1.417071,2.644684,2.437106,0.902788,0.143614
44,90,-76.156615,0.804918,4,1,-1.00,4.752935,6.177425,2.598068,1.115595,0.238544
53,83,-73.432262,1.848555,2,1,-1.00,3.982344,6.867429,4.330183,1.40218,0.225405
54,87,-75.564181,0.344083,2,1,-1.00,3.174108,4.98156,3.332274,4.565275,0.718449
57,90,-76.824357,1.425651,4,1,-1.00,6.265513,5.917419,3.803879,2.2337,0.188953
51,69,-78.068539,1.698774,2,1,-1.00,4.084746,5.497148,2.866073,1.659989,0.389634
44,57,-101.378354,-1.429071,3,1,-1.00,3.45218,5.766003,2.701133,1.457289,0.208392
48,57,-73.091381,1.294303,4,1,-1.00,2.556794,3.812975,1.55892,0.939618,0.126959
43,44,-71.388187,-2.263446,3,1,-1.00,17.886867,19.212547,9.380836,8.456531,1.393176
44,43,-69.277949,1.105233,3,1,-1.00,2.144912,1.992666,1.633632,0.971086,0.15151
50,60,-99.93778,2.288357,3,1,-1.00,4.947838,4.860709,1.961026,0.852332,0.172743
56,64,-73.430939,2.409642,3,1,-1.00,2.403177,7.025089,4.021725,1.158726,0.18468
53,67,-57.465891,-2.424356,2,1,-1.00,5.128339,7.213835,3.307976,1.209451,0.341294
57,77,-50.864255,2.494503,3,1,-1.00,1.635869,2.741546,1.699147,1.488259,0.233184
51,80,-57.110341,-1.288768,3,1,-1.00,2.054316,4.797553,3.297749,1.246577,0.362739
48,77,-70.607982,-1.496245,4,1,-1.00,4.398166,11.673856,5.874618,1.309192,0.177629
50,88,-58.242535,-3.230946,3,1,-1.00,2.999869,4.075997,2.044332,1.034461,0.097082
53,83,-61.172568,1.794046,4,1,-1.00,1.951499,2.397386,0.997147,1.543786,0.268447
60,70,-45.017133,2.298504,2,1,-1.00,3.903132,4.313957,2.629301,1.459795,0.257982
57,66,-40.918727,2.090403,4,1,-1.00,6.853535,9.548379,5.859838,4.843507,0.782209
53,47,-44.733138,2.568969,4,1,-1.00,7.654865,14.114508,7.808124,2.582949,0.562263
50,47,-42.24217,2.564024,3,1,-1.00,5.3955,6.511931,3.69581,1.37645,0.256712
44,47,-46.997688,1.543704,4,1,-1.00,5.568924,3.992192,1.989682,1.115763,0.230775
40,43,-41.596162,-2.205006,4,1,-1.00,2.324337,5.29839,2.923481,1.064516,0.12083
51,51,-35.275752,-0.492002,2,1,-1.00,4.650018,3.746602,2.426651,2.206756,0.577267
51,54,-33.459365,1.400166,2,1,-1.00,3.707252,3.088064,1.955383,1.125792,0.299808
53,64,-31.423245,1.608125,3,1,-1.00,2.309768,2.758967,1.448725,0.957181,0.140051
54,61,-34.831722,2.004172,3,1,-1.00,2.354369,3.78489,2.657519,1.2413,0.197657
56,63,-55.485625,1.15008,2,1,-1.00,2.354312,5.193207,4.205154,2.161626,0.400848
57,56,-40.726131,1.332509,4,1,-1.00,2.22866,3.478309,1.554148,1.314479,0.237925
53,53,-46.772793,2.081968,4,1,-1.00,4.479612,7.865421,3.967617,2.909674,0.520756
44,43,-57.148289,2.010046,4,1,-1.00,5.359779,5.778655,3.682622,1.735466,0.385688
35,40,-36.11613,1.563859,2,1,-1.00,5.424819,5.891547,4.508779,2.236751,0.261815
34,50,-41.255091,0.845116,3,1,-1.00,3.852193,5.901552,2.190917,0.836417,0.224561
44,35,-46.912108,-4.001155,4,1,-1.00,6.538524,5.366657,2.018327,1.15806,0.317044
61,56,-41.725223,1.156737,4,1,-1.00,4.418562,5.434951,3.302208,1.844547,0.3968
56,54,-47.344204,1.999194,3,1,-1.00,2.732694,5.120742,4.65639,2.402452,0.330282
50,51,-40.702211,1.766511,3,1,-1.00,4.94886,8.003571,2.977225,0.962592,0.270665
50,57,-43.591214,1.631285,3,1,-1.00,2.619562,6.889721,6.420042,3.122289,0.581864
40,54,-42.683036,1.763031,2,1,-1.00,1.648204,2.043066,1.427956,0.844078,0.137105
51,56,-56.703055,0.800475,2,1,-1.00,3.696203,5.4784,2.725472,0.96086,0.222502
64,56,-58.505108,-0.159917,3,1,-1.00,1.751789,3.901629,2.94325,0.844066,0.185632
57,54,-100.192324,0.050995,4,1,-1.00,4.401218,4.27166,2.44668,2.356472,0.460421
54,53,-42.297565,1.504293,3,1,-1.00,1.904425,5.192304,3.932849,1.47486,0.243701
47,48,-45.310423,1.436758,4,1,-1.00,1.337004,2.45109,2.628366,2.189598,0.230389
38,47,-44.468671,1.373476,4,1,-1.00,1.621353,4.306031,4.322569,2.865754,0.553029
30,51,-46.27394,-4.739687,3,1,-1.00,3.307539,5.683224,4.143375,1.194212,0.234117
34,50,-45.294214,0.758514,4,1,-1.00,2.327486,6.657367,3.099152,1.295266,0.160444
48,50,-47.268958,0.876714,4,1,-1.00,2.111091,2.042725,1.621172,1.668167,0.365682
51,47,-59.822848,0.735486,3,1,-1.00,2.68781,4.448684,3.551352,1.957261,0.182848
54,48,-74.477779,0.284177,4,1,-1.00,3.8122,3.679498,1.916552,1.452637,0.193413
